interval,output,model_id,model_label,model_theory,model_colour,timbre_label
3.65,0.6914628896192639,Milne13,Milne (2013),harmonicity,#11A3FF,Pure tones
3.6505005005005002,0.6915440268430277,Milne13,Milne (2013),harmonicity,#11A3FF,Pure tones
3.651001001001001,0.691626021253165,Milne13,Milne (2013),harmonicity,#11A3FF,Pure tones
3.6515015015015013,0.6917088813922307,Milne13,Milne (2013),harmonicity,#11A3FF,Pure tones
3.652002002002002,0.6917926158407625,Milne13,Milne (2013),harmonicity,#11A3FF,Pure tones
3.6525025025025024,0.6918772332157821,Milne13,Milne (2013),harmonicity,#11A3FF,Pure tones
3.6530030030030027,0.6919627421692495,Milne13,Milne (2013),harmonicity,#11A3FF,Pure tones
3.6535035035035035,0.6920491513864513,Milne13,Milne (2013),harmonicity,#11A3FF,Pure tones
3.654004004004004,0.6921364695843318,Milne13,Milne (2013),harmonicity,#11A3FF,Pure tones
3.6545045045045046,0.6922247055097688,Milne13,Milne (2013),harmonicity,#11A3FF,Pure tones
3.655005005005005,0.6923138679377778,Milne13,Milne (2013),harmonicity,#11A3FF,Pure tones
3.6555055055055052,0.692403965669668,Milne13,Milne (2013),harmonicity,#11A3FF,Pure tones
3.656006006006006,0.692495007531128,Milne13,Milne (2013),harmonicity,#11A3FF,Pure tones
3.6565065065065063,0.6925870023702505,Milne13,Milne (2013),harmonicity,#11A3FF,Pure tones
3.657007007007007,0.6926799590554958,Milne13,Milne (2013),harmonicity,#11A3FF,Pure tones
3.6575075075075074,0.69277388647359,Milne13,Milne (2013),harmonicity,#11A3FF,Pure tones
3.6580080080080077,0.6928687935273597,Milne13,Milne (2013),harmonicity,#11A3FF,Pure tones
3.6585085085085085,0.6929646891335002,Milne13,Milne (2013),harmonicity,#11A3FF,Pure tones
3.659009009009009,0.6930615822202834,Milne13,Milne (2013),harmonicity,#11A3FF,Pure tones
3.6595095095095096,0.6931594817251939,Milne13,Milne (2013),harmonicity,#11A3FF,Pure tones
3.66001001001001,0.693258396592506,Milne13,Milne (2013),harmonicity,#11A3FF,Pure tones
3.6605105105105102,0.6933583357707882,Milne13,Milne (2013),harmonicity,#11A3FF,Pure tones
3.661011011011011,0.6934593082103478,Milne13,Milne (2013),harmonicity,#11A3FF,Pure tones
3.6615115115115113,0.6935613228606055,Milne13,Milne (2013),harmonicity,#11A3FF,Pure tones
3.662012012012012,0.6936643886674031,Milne13,Milne (2013),harmonicity,#11A3FF,Pure tones
3.6625125125125124,0.6937685145702478,Milne13,Milne (2013),harmonicity,#11A3FF,Pure tones
3.6630130130130127,0.6938737094994893,Milne13,Milne (2013),harmonicity,#11A3FF,Pure tones
3.6635135135135135,0.6939799823734278,Milne13,Milne (2013),harmonicity,#11A3FF,Pure tones
3.664014014014014,0.6940873420953626,Milne13,Milne (2013),harmonicity,#11A3FF,Pure tones
3.6645145145145146,0.6941957975505649,Milne13,Milne (2013),harmonicity,#11A3FF,Pure tones
3.665015015015015,0.6943053576031988,Milne13,Milne (2013),harmonicity,#11A3FF,Pure tones
3.6655155155155152,0.6944160310931621,Milne13,Milne (2013),harmonicity,#11A3FF,Pure tones
3.666016016016016,0.6945278268328773,Milne13,Milne (2013),harmonicity,#11A3FF,Pure tones
3.6665165165165163,0.6946407536040071,Milne13,Milne (2013),harmonicity,#11A3FF,Pure tones
3.667017017017017,0.6947548201541155,Milne13,Milne (2013),harmonicity,#11A3FF,Pure tones
3.6675175175175174,0.6948700351932602,Milne13,Milne (2013),harmonicity,#11A3FF,Pure tones
3.6680180180180177,0.6949864073905275,Milne13,Milne (2013),harmonicity,#11A3FF,Pure tones
3.6685185185185185,0.6951039453705042,Milne13,Milne (2013),harmonicity,#11A3FF,Pure tones
3.669019019019019,0.6952226577096919,Milne13,Milne (2013),harmonicity,#11A3FF,Pure tones
3.6695195195195196,0.6953425529328641,Milne13,Milne (2013),harmonicity,#11A3FF,Pure tones
3.67002002002002,0.6954636395093611,Milne13,Milne (2013),harmonicity,#11A3FF,Pure tones
3.6705205205205202,0.6955859258493332,Milne13,Milne (2013),harmonicity,#11A3FF,Pure tones
3.671021021021021,0.6957094202999298,Milne13,Milne (2013),harmonicity,#11A3FF,Pure tones
3.6715215215215213,0.6958341311414339,Milne13,Milne (2013),harmonicity,#11A3FF,Pure tones
3.672022022022022,0.6959600665833442,Milne13,Milne (2013),harmonicity,#11A3FF,Pure tones
3.6725225225225224,0.6960872347604142,Milne13,Milne (2013),harmonicity,#11A3FF,Pure tones
3.6730230230230227,0.6962156437286359,Milne13,Milne (2013),harmonicity,#11A3FF,Pure tones
3.6735235235235235,0.6963453014611799,Milne13,Milne (2013),harmonicity,#11A3FF,Pure tones
3.674024024024024,0.6964762158442964,Milne13,Milne (2013),harmonicity,#11A3FF,Pure tones
3.6745245245245246,0.6966083946731699,Milne13,Milne (2013),harmonicity,#11A3FF,Pure tones
3.675025025025025,0.696741845647734,Milne13,Milne (2013),harmonicity,#11A3FF,Pure tones
3.6755255255255253,0.6968765763684598,Milne13,Milne (2013),harmonicity,#11A3FF,Pure tones
3.676026026026026,0.6970125943320903,Milne13,Milne (2013),harmonicity,#11A3FF,Pure tones
3.6765265265265263,0.6971499069273649,Milne13,Milne (2013),harmonicity,#11A3FF,Pure tones
3.677027027027027,0.6972885214306999,Milne13,Milne (2013),harmonicity,#11A3FF,Pure tones
3.6775275275275274,0.6974284450018479,Milne13,Milne (2013),harmonicity,#11A3FF,Pure tones
3.6780280280280278,0.697569684679537,Milne13,Milne (2013),harmonicity,#11A3FF,Pure tones
3.6785285285285285,0.697712247377084,Milne13,Milne (2013),harmonicity,#11A3FF,Pure tones
3.679029029029029,0.6978561398779889,Milne13,Milne (2013),harmonicity,#11A3FF,Pure tones
3.6795295295295296,0.6980013688315295,Milne13,Milne (2013),harmonicity,#11A3FF,Pure tones
3.68003003003003,0.698147940748324,Milne13,Milne (2013),harmonicity,#11A3FF,Pure tones
3.6805305305305303,0.6982958619959078,Milne13,Milne (2013),harmonicity,#11A3FF,Pure tones
3.681031031031031,0.6984451387942885,Milne13,Milne (2013),harmonicity,#11A3FF,Pure tones
3.6815315315315313,0.6985957772115101,Milne13,Milne (2013),harmonicity,#11A3FF,Pure tones
3.682032032032032,0.6987477831592264,Milne13,Milne (2013),harmonicity,#11A3FF,Pure tones
3.6825325325325324,0.69890116238826006,Milne13,Milne (2013),harmonicity,#11A3FF,Pure tones
3.6830330330330328,0.6990559204842012,Milne13,Milne (2013),harmonicity,#11A3FF,Pure tones
3.6835335335335335,0.699212062863,Milne13,Milne (2013),harmonicity,#11A3FF,Pure tones
3.684034034034034,0.6993695947665796,Milne13,Milne (2013),harmonicity,#11A3FF,Pure tones
3.6845345345345346,0.6995285212584904,Milne13,Milne (2013),harmonicity,#11A3FF,Pure tones
3.685035035035035,0.6996888472195638,Milne13,Milne (2013),harmonicity,#11A3FF,Pure tones
3.6855355355355357,0.6998505773436233,Milne13,Milne (2013),harmonicity,#11A3FF,Pure tones
3.686036036036036,0.7000137161332113,Milne13,Milne (2013),harmonicity,#11A3FF,Pure tones
3.6865365365365363,0.7001782678953655,Milne13,Milne (2013),harmonicity,#11A3FF,Pure tones
3.687037037037037,0.7003442367374416,Milne13,Milne (2013),harmonicity,#11A3FF,Pure tones
3.6875375375375374,0.7005116265629688,Milne13,Milne (2013),harmonicity,#11A3FF,Pure tones
3.688038038038038,0.7006804410675823,Milne13,Milne (2013),harmonicity,#11A3FF,Pure tones
3.6885385385385385,0.7008506837349899,Milne13,Milne (2013),harmonicity,#11A3FF,Pure tones
3.689039039039039,0.7010223578330107,Milne13,Milne (2013),harmonicity,#11A3FF,Pure tones
3.6895395395395396,0.7011954664096838,Milne13,Milne (2013),harmonicity,#11A3FF,Pure tones
3.69004004004004,0.7013700122894323,Milne13,Milne (2013),harmonicity,#11A3FF,Pure tones
3.6905405405405407,0.7015459980693188,Milne13,Milne (2013),harmonicity,#11A3FF,Pure tones
3.691041041041041,0.7017234261153698,Milne13,Milne (2013),harmonicity,#11A3FF,Pure tones
3.6915415415415413,0.7019022985589818,Milne13,Milne (2013),harmonicity,#11A3FF,Pure tones
3.692042042042042,0.7020826172934247,Milne13,Milne (2013),harmonicity,#11A3FF,Pure tones
3.6925425425425424,0.702264383970424,Milne13,Milne (2013),harmonicity,#11A3FF,Pure tones
3.693043043043043,0.7024475999968542,Milne13,Milne (2013),harmonicity,#11A3FF,Pure tones
3.6935435435435435,0.7026322665315146,Milne13,Milne (2013),harmonicity,#11A3FF,Pure tones
3.694044044044044,0.7028183844820257,Milne13,Milne (2013),harmonicity,#11A3FF,Pure tones
3.6945445445445446,0.7030059545018267,Milne13,Milne (2013),harmonicity,#11A3FF,Pure tones
3.695045045045045,0.7031949769872808,Milne13,Milne (2013),harmonicity,#11A3FF,Pure tones
3.6955455455455457,0.7033854520749079,Milne13,Milne (2013),harmonicity,#11A3FF,Pure tones
3.696046046046046,0.7035773796387252,Milne13,Milne (2013),harmonicity,#11A3FF,Pure tones
3.6965465465465464,0.7037707592877216,Milne13,Milne (2013),harmonicity,#11A3FF,Pure tones
3.697047047047047,0.7039655903634515,Milne13,Milne (2013),harmonicity,#11A3FF,Pure tones
3.6975475475475474,0.7041618719377647,Milne13,Milne (2013),harmonicity,#11A3FF,Pure tones
3.698048048048048,0.7043596028106689,Milne13,Milne (2013),harmonicity,#11A3FF,Pure tones
3.6985485485485485,0.7045587815083193,Milne13,Milne (2013),harmonicity,#11A3FF,Pure tones
3.699049049049049,0.7047594062811715,Milne13,Milne (2013),harmonicity,#11A3FF,Pure tones
3.6995495495495496,0.7049614751022554,Milne13,Milne (2013),harmonicity,#11A3FF,Pure tones
3.70005005005005,0.7051649856656006,Milne13,Milne (2013),harmonicity,#11A3FF,Pure tones
3.7005505505505507,0.7053699353848196,Milne13,Milne (2013),harmonicity,#11A3FF,Pure tones
3.701051051051051,0.7055763213918238,Milne13,Milne (2013),harmonicity,#11A3FF,Pure tones
3.7015515515515514,0.705784140535713,Milne13,Milne (2013),harmonicity,#11A3FF,Pure tones
3.702052052052052,0.7059933893818039,Milne13,Milne (2013),harmonicity,#11A3FF,Pure tones
3.7025525525525524,0.706204064210821,Milne13,Milne (2013),harmonicity,#11A3FF,Pure tones
3.703053053053053,0.7064161610182487,Milne13,Milne (2013),harmonicity,#11A3FF,Pure tones
3.7035535535535535,0.7066296755138373,Milne13,Milne (2013),harmonicity,#11A3FF,Pure tones
3.704054054054054,0.706844603121275,Milne13,Milne (2013),harmonicity,#11A3FF,Pure tones
3.7045545545545546,0.7070609389780198,Milne13,Milne (2013),harmonicity,#11A3FF,Pure tones
3.705055055055055,0.7072786779352911,Milne13,Milne (2013),harmonicity,#11A3FF,Pure tones
3.7055555555555557,0.7074978145582355,Milne13,Milne (2013),harmonicity,#11A3FF,Pure tones
3.706056056056056,0.707718343126241,Milne13,Milne (2013),harmonicity,#11A3FF,Pure tones
3.7065565565565564,0.7079402576334269,Milne13,Milne (2013),harmonicity,#11A3FF,Pure tones
3.707057057057057,0.7081635517892968,Milne13,Milne (2013),harmonicity,#11A3FF,Pure tones
3.7075575575575574,0.7083882190195459,Milne13,Milne (2013),harmonicity,#11A3FF,Pure tones
3.708058058058058,0.7086142524670443,Milne13,Milne (2013),harmonicity,#11A3FF,Pure tones
3.7085585585585585,0.7088416449929734,Milne13,Milne (2013),harmonicity,#11A3FF,Pure tones
3.709059059059059,0.7090703891781258,Milne13,Milne (2013),harmonicity,#11A3FF,Pure tones
3.7095595595595596,0.7093004773243703,Milne13,Milne (2013),harmonicity,#11A3FF,Pure tones
3.71006006006006,0.7095319014562652,Milne13,Milne (2013),harmonicity,#11A3FF,Pure tones
3.7105605605605607,0.7097646533228433,Milne13,Milne (2013),harmonicity,#11A3FF,Pure tones
3.711061061061061,0.709998724399538,Milne13,Milne (2013),harmonicity,#11A3FF,Pure tones
3.7115615615615614,0.7102341058902707,Milne13,Milne (2013),harmonicity,#11A3FF,Pure tones
3.712062062062062,0.7104707887296913,Milne13,Milne (2013),harmonicity,#11A3FF,Pure tones
3.7125625625625625,0.710708763585554,Milne13,Milne (2013),harmonicity,#11A3FF,Pure tones
3.713063063063063,0.7109480208612607,Milne13,Milne (2013),harmonicity,#11A3FF,Pure tones
3.7135635635635635,0.7111885506985237,Milne13,Milne (2013),harmonicity,#11A3FF,Pure tones
3.714064064064064,0.7114303429801841,Milne13,Milne (2013),harmonicity,#11A3FF,Pure tones
3.7145645645645646,0.7116733873331641,Milne13,Milne (2013),harmonicity,#11A3FF,Pure tones
3.715065065065065,0.7119176731315419,Milne13,Milne (2013),harmonicity,#11A3FF,Pure tones
3.7155655655655657,0.7121631894997748,Milne13,Milne (2013),harmonicity,#11A3FF,Pure tones
3.716066066066066,0.7124099253160288,Milne13,Milne (2013),harmonicity,#11A3FF,Pure tones
3.7165665665665664,0.7126578692156418,Milne13,Milne (2013),harmonicity,#11A3FF,Pure tones
3.717067067067067,0.7129070095947028,Milne13,Milne (2013),harmonicity,#11A3FF,Pure tones
3.7175675675675675,0.7131573346137328,Milne13,Milne (2013),harmonicity,#11A3FF,Pure tones
3.7180680680680682,0.7134088322014974,Milne13,Milne (2013),harmonicity,#11A3FF,Pure tones
3.7185685685685685,0.7136614900589004,Milne13,Milne (2013),harmonicity,#11A3FF,Pure tones
3.719069069069069,0.7139152956629886,Milne13,Milne (2013),harmonicity,#11A3FF,Pure tones
3.7195695695695696,0.7141702362710541,Milne13,Milne (2013),harmonicity,#11A3FF,Pure tones
3.72007007007007,0.7144262989248135,Milne13,Milne (2013),harmonicity,#11A3FF,Pure tones
3.7205705705705707,0.7146834704546898,Milne13,Milne (2013),harmonicity,#11A3FF,Pure tones
3.721071071071071,0.7149417374841611,Milne13,Milne (2013),harmonicity,#11A3FF,Pure tones
3.7215715715715714,0.7152010864341853,Milne13,Milne (2013),harmonicity,#11A3FF,Pure tones
3.722072072072072,0.7154615035277062,Milne13,Milne (2013),harmonicity,#11A3FF,Pure tones
3.7225725725725725,0.7157229747942045,Milne13,Milne (2013),harmonicity,#11A3FF,Pure tones
3.7230730730730732,0.7159854860743285,Milne13,Milne (2013),harmonicity,#11A3FF,Pure tones
3.7235735735735735,0.7162490230245665,Milne13,Milne (2013),harmonicity,#11A3FF,Pure tones
3.724074074074074,0.7165135711219682,Milne13,Milne (2013),harmonicity,#11A3FF,Pure tones
3.7245745745745746,0.7167791156689183,Milne13,Milne (2013),harmonicity,#11A3FF,Pure tones
3.725075075075075,0.7170456417979341,Milne13,Milne (2013),harmonicity,#11A3FF,Pure tones
3.7255755755755757,0.7173131344765133,Milne13,Milne (2013),harmonicity,#11A3FF,Pure tones
3.726076076076076,0.7175815785119963,Milne13,Milne (2013),harmonicity,#11A3FF,Pure tones
3.7265765765765764,0.7178509585564522,Milne13,Milne (2013),harmonicity,#11A3FF,Pure tones
3.727077077077077,0.7181212591115926,Milne13,Milne (2013),harmonicity,#11A3FF,Pure tones
3.7275775775775775,0.7183924645336804,Milne13,Milne (2013),harmonicity,#11A3FF,Pure tones
3.7280780780780782,0.7186645590384656,Milne13,Milne (2013),harmonicity,#11A3FF,Pure tones
3.7285785785785786,0.7189375267061053,Milne13,Milne (2013),harmonicity,#11A3FF,Pure tones
3.729079079079079,0.719211351486091,Milne13,Milne (2013),harmonicity,#11A3FF,Pure tones
3.7295795795795796,0.7194860172021686,Milne13,Milne (2013),harmonicity,#11A3FF,Pure tones
3.73008008008008,0.7197615075572382,Milne13,Milne (2013),harmonicity,#11A3FF,Pure tones
3.7305805805805807,0.7200378061382459,Milne13,Milne (2013),harmonicity,#11A3FF,Pure tones
3.731081081081081,0.720314896421052,Milne13,Milne (2013),harmonicity,#11A3FF,Pure tones
3.7315815815815814,0.7205927617752662,Milne13,Milne (2013),harmonicity,#11A3FF,Pure tones
3.732082082082082,0.7208713854690645,Milne13,Milne (2013),harmonicity,#11A3FF,Pure tones
3.7325825825825825,0.7211507506739606,Milne13,Milne (2013),harmonicity,#11A3FF,Pure tones
3.7330830830830832,0.7214308404695474,Milne13,Milne (2013),harmonicity,#11A3FF,Pure tones
3.7335835835835836,0.7217116378481959,Milne13,Milne (2013),harmonicity,#11A3FF,Pure tones
3.734084084084084,0.7219931257196972,Milne13,Milne (2013),harmonicity,#11A3FF,Pure tones
3.7345845845845846,0.7222752869158737,Milne13,Milne (2013),harmonicity,#11A3FF,Pure tones
3.735085085085085,0.7225581041951221,Milne13,Milne (2013),harmonicity,#11A3FF,Pure tones
3.7355855855855857,0.722841560246905,Milne13,Milne (2013),harmonicity,#11A3FF,Pure tones
3.736086086086086,0.7231256376961906,Milne13,Milne (2013),harmonicity,#11A3FF,Pure tones
3.7365865865865864,0.7234103191078167,Milne13,Milne (2013),harmonicity,#11A3FF,Pure tones
3.737087087087087,0.7236955869908026,Milne13,Milne (2013),harmonicity,#11A3FF,Pure tones
3.7375875875875875,0.7239814238025879,Milne13,Milne (2013),harmonicity,#11A3FF,Pure tones
3.7380880880880882,0.7242678119531982,Milne13,Milne (2013),harmonicity,#11A3FF,Pure tones
3.7385885885885886,0.7245547338093534,Milne13,Milne (2013),harmonicity,#11A3FF,Pure tones
3.739089089089089,0.7248421716984762,Milne13,Milne (2013),harmonicity,#11A3FF,Pure tones
3.7395895895895896,0.7251301079126535,Milne13,Milne (2013),harmonicity,#11A3FF,Pure tones
3.74009009009009,0.725418524712498,Milne13,Milne (2013),harmonicity,#11A3FF,Pure tones
3.7405905905905907,0.7257074043309419,Milne13,Milne (2013),harmonicity,#11A3FF,Pure tones
3.741091091091091,0.7259967289769488,Milne13,Milne (2013),harmonicity,#11A3FF,Pure tones
3.7415915915915914,0.7262864808391346,Milne13,Milne (2013),harmonicity,#11A3FF,Pure tones
3.742092092092092,0.7265766420893208,Milne13,Milne (2013),harmonicity,#11A3FF,Pure tones
3.7425925925925925,0.7268671948859896,Milne13,Milne (2013),harmonicity,#11A3FF,Pure tones
3.7430930930930932,0.7271581213776582,Milne13,Milne (2013),harmonicity,#11A3FF,Pure tones
3.7435935935935936,0.7274494037061785,Milne13,Milne (2013),harmonicity,#11A3FF,Pure tones
3.744094094094094,0.7277410240099269,Milne13,Milne (2013),harmonicity,#11A3FF,Pure tones
3.7445945945945946,0.7280329644269382,Milne13,Milne (2013),harmonicity,#11A3FF,Pure tones
3.745095095095095,0.7283252070979205,Milne13,Milne (2013),harmonicity,#11A3FF,Pure tones
3.7455955955955957,0.7286177341692166,Milne13,Milne (2013),harmonicity,#11A3FF,Pure tones
3.746096096096096,0.7289105277956518,Milne13,Milne (2013),harmonicity,#11A3FF,Pure tones
3.7465965965965964,0.7292035701433079,Milne13,Milne (2013),harmonicity,#11A3FF,Pure tones
3.747097097097097,0.729496843392217,Milne13,Milne (2013),harmonicity,#11A3FF,Pure tones
3.7475975975975975,0.729790329738946,Milne13,Milne (2013),harmonicity,#11A3FF,Pure tones
3.7480980980980982,0.7300840113991335,Milne13,Milne (2013),harmonicity,#11A3FF,Pure tones
3.7485985985985986,0.7303778706099034,Milne13,Milne (2013),harmonicity,#11A3FF,Pure tones
3.749099099099099,0.7306718896322236,Milne13,Milne (2013),harmonicity,#11A3FF,Pure tones
3.7495995995995997,0.7309660507531716,Milne13,Milne (2013),harmonicity,#11A3FF,Pure tones
3.7501001001001,0.7312603362881083,Milne13,Milne (2013),harmonicity,#11A3FF,Pure tones
3.7506006006006007,0.7315547285827948,Milne13,Milne (2013),harmonicity,#11A3FF,Pure tones
3.751101101101101,0.7318492100154065,Milne13,Milne (2013),harmonicity,#11A3FF,Pure tones
3.7516016016016014,0.7321437629984814,Milne13,Milne (2013),harmonicity,#11A3FF,Pure tones
3.752102102102102,0.732438369980795,Milne13,Milne (2013),harmonicity,#11A3FF,Pure tones
3.7526026026026025,0.7327330134491381,Milne13,Milne (2013),harmonicity,#11A3FF,Pure tones
3.7531031031031032,0.7330276759300542,Milne13,Milne (2013),harmonicity,#11A3FF,Pure tones
3.7536036036036036,0.7333223399914699,Milne13,Milne (2013),harmonicity,#11A3FF,Pure tones
3.754104104104104,0.7336169882442762,Milne13,Milne (2013),harmonicity,#11A3FF,Pure tones
3.7546046046046047,0.7339116033438383,Milne13,Milne (2013),harmonicity,#11A3FF,Pure tones
3.755105105105105,0.734206167991418,Milne13,Milne (2013),harmonicity,#11A3FF,Pure tones
3.7556056056056057,0.7345006649355589,Milne13,Milne (2013),harmonicity,#11A3FF,Pure tones
3.756106106106106,0.7347950769733805,Milne13,Milne (2013),harmonicity,#11A3FF,Pure tones
3.7566066066066064,0.7350893869518261,Milne13,Milne (2013),harmonicity,#11A3FF,Pure tones
3.757107107107107,0.7353835777688447,Milne13,Milne (2013),harmonicity,#11A3FF,Pure tones
3.7576076076076075,0.7356776323745019,Milne13,Milne (2013),harmonicity,#11A3FF,Pure tones
3.7581081081081082,0.7359715337720533,Milne13,Milne (2013),harmonicity,#11A3FF,Pure tones
3.7586086086086086,0.7362652650189431,Milne13,Milne (2013),harmonicity,#11A3FF,Pure tones
3.759109109109109,0.7365588092277584,Milne13,Milne (2013),harmonicity,#11A3FF,Pure tones
3.7596096096096097,0.736852149567129,Milne13,Milne (2013),harmonicity,#11A3FF,Pure tones
3.76011011011011,0.7371452692625665,Milne13,Milne (2013),harmonicity,#11A3FF,Pure tones
3.7606106106106107,0.7374381515972737,Milne13,Milne (2013),harmonicity,#11A3FF,Pure tones
3.761111111111111,0.7377307799128808,Milne13,Milne (2013),harmonicity,#11A3FF,Pure tones
3.7616116116116114,0.7380231376101594,Milne13,Milne (2013),harmonicity,#11A3FF,Pure tones
3.762112112112112,0.7383152081496774,Milne13,Milne (2013),harmonicity,#11A3FF,Pure tones
3.7626126126126125,0.7386069750524102,Milne13,Milne (2013),harmonicity,#11A3FF,Pure tones
3.7631131131131133,0.7388984219003222,Milne13,Milne (2013),harmonicity,#11A3FF,Pure tones
3.7636136136136136,0.7391895323368965,Milne13,Milne (2013),harmonicity,#11A3FF,Pure tones
3.764114114114114,0.7394802900676329,Milne13,Milne (2013),harmonicity,#11A3FF,Pure tones
3.7646146146146147,0.7397706788605116,Milne13,Milne (2013),harmonicity,#11A3FF,Pure tones
3.765115115115115,0.7400606825464074,Milne13,Milne (2013),harmonicity,#11A3FF,Pure tones
3.7656156156156158,0.7403502850194946,Milne13,Milne (2013),harmonicity,#11A3FF,Pure tones
3.766116116116116,0.7406394702375939,Milne13,Milne (2013),harmonicity,#11A3FF,Pure tones
3.766616616616617,0.7409282222225058,Milne13,Milne (2013),harmonicity,#11A3FF,Pure tones
3.767117117117117,0.7412165250603107,Milne13,Milne (2013),harmonicity,#11A3FF,Pure tones
3.7676176176176175,0.7415043629016321,Milne13,Milne (2013),harmonicity,#11A3FF,Pure tones
3.7681181181181183,0.7417917199618899,Milne13,Milne (2013),harmonicity,#11A3FF,Pure tones
3.7686186186186186,0.7420785805215074,Milne13,Milne (2013),harmonicity,#11A3FF,Pure tones
3.7691191191191193,0.7423649289261123,Milne13,Milne (2013),harmonicity,#11A3FF,Pure tones
3.7696196196196197,0.7426507495867034,Milne13,Milne (2013),harmonicity,#11A3FF,Pure tones
3.77012012012012,0.7429360269797984,Milne13,Milne (2013),harmonicity,#11A3FF,Pure tones
3.7706206206206208,0.7432207456475622,Milne13,Milne (2013),harmonicity,#11A3FF,Pure tones
3.771121121121121,0.7435048901979103,Milne13,Milne (2013),harmonicity,#11A3FF,Pure tones
3.771621621621622,0.7437884453045983,Milne13,Milne (2013),harmonicity,#11A3FF,Pure tones
3.772122122122122,0.7440713957072939,Milne13,Milne (2013),harmonicity,#11A3FF,Pure tones
3.7726226226226225,0.7443537262116232,Milne13,Milne (2013),harmonicity,#11A3FF,Pure tones
3.7731231231231233,0.7446354216892145,Milne13,Milne (2013),harmonicity,#11A3FF,Pure tones
3.7736236236236236,0.7449164670777115,Milne13,Milne (2013),harmonicity,#11A3FF,Pure tones
3.7741241241241243,0.7451968473807854,Milne13,Milne (2013),harmonicity,#11A3FF,Pure tones
3.7746246246246247,0.745476547668126,Milne13,Milne (2013),harmonicity,#11A3FF,Pure tones
3.775125125125125,0.7457555530754174,Milne13,Milne (2013),harmonicity,#11A3FF,Pure tones
3.7756256256256258,0.7460338488043123,Milne13,Milne (2013),harmonicity,#11A3FF,Pure tones
3.776126126126126,0.7463114201223824,Milne13,Milne (2013),harmonicity,#11A3FF,Pure tones
3.776626626626627,0.7465882523630628,Milne13,Milne (2013),harmonicity,#11A3FF,Pure tones
3.777127127127127,0.7468643309255941,Milne13,Milne (2013),harmonicity,#11A3FF,Pure tones
3.7776276276276275,0.7471396412749371,Milne13,Milne (2013),harmonicity,#11A3FF,Pure tones
3.7781281281281283,0.7474141689416972,Milne13,Milne (2013),harmonicity,#11A3FF,Pure tones
3.7786286286286286,0.7476878995220264,Milne13,Milne (2013),harmonicity,#11A3FF,Pure tones
3.7791291291291293,0.7479608186775261,Milne13,Milne (2013),harmonicity,#11A3FF,Pure tones
3.7796296296296297,0.7482329121351398,Milne13,Milne (2013),harmonicity,#11A3FF,Pure tones
3.78013013013013,0.7485041656870322,Milne13,Milne (2013),harmonicity,#11A3FF,Pure tones
3.7806306306306308,0.7487745651904782,Milne13,Milne (2013),harmonicity,#11A3FF,Pure tones
3.781131131131131,0.7490440965677275,Milne13,Milne (2013),harmonicity,#11A3FF,Pure tones
3.781631631631632,0.7493127458058731,Milne13,Milne (2013),harmonicity,#11A3FF,Pure tones
3.782132132132132,0.7495804989567206,Milne13,Milne (2013),harmonicity,#11A3FF,Pure tones
3.7826326326326325,0.7498473421366346,Milne13,Milne (2013),harmonicity,#11A3FF,Pure tones
3.7831331331331333,0.750113261526402,Milne13,Milne (2013),harmonicity,#11A3FF,Pure tones
3.7836336336336336,0.7503782433710767,Milne13,Milne (2013),harmonicity,#11A3FF,Pure tones
3.7841341341341344,0.7506422739798252,Milne13,Milne (2013),harmonicity,#11A3FF,Pure tones
3.7846346346346347,0.7509053397257758,Milne13,Milne (2013),harmonicity,#11A3FF,Pure tones
3.785135135135135,0.7511674270458505,Milne13,Milne (2013),harmonicity,#11A3FF,Pure tones
3.7856356356356358,0.7514285224406096,Milne13,Milne (2013),harmonicity,#11A3FF,Pure tones
3.786136136136136,0.751688612474086,Milne13,Milne (2013),harmonicity,#11A3FF,Pure tones
3.786636636636637,0.7519476837736198,Milne13,Milne (2013),harmonicity,#11A3FF,Pure tones
3.787137137137137,0.7522057230296955,Milne13,Milne (2013),harmonicity,#11A3FF,Pure tones
3.7876376376376375,0.7524627169957677,Milne13,Milne (2013),harmonicity,#11A3FF,Pure tones
3.7881381381381383,0.7527186524881015,Milne13,Milne (2013),harmonicity,#11A3FF,Pure tones
3.7886386386386386,0.7529735163856012,Milne13,Milne (2013),harmonicity,#11A3FF,Pure tones
3.7891391391391394,0.7532272956296421,Milne13,Milne (2013),harmonicity,#11A3FF,Pure tones
3.7896396396396397,0.7534799772239127,Milne13,Milne (2013),harmonicity,#11A3FF,Pure tones
3.79014014014014,0.7537315482342367,Milne13,Milne (2013),harmonicity,#11A3FF,Pure tones
3.7906406406406408,0.7539819957884203,Milne13,Milne (2013),harmonicity,#11A3FF,Pure tones
3.791141141141141,0.7542313070760851,Milne13,Milne (2013),harmonicity,#11A3FF,Pure tones
3.791641641641642,0.7544794693485126,Milne13,Milne (2013),harmonicity,#11A3FF,Pure tones
3.792142142142142,0.7547264699184869,Milne13,Milne (2013),harmonicity,#11A3FF,Pure tones
3.7926426426426425,0.7549722961601386,Milne13,Milne (2013),harmonicity,#11A3FF,Pure tones
3.7931431431431433,0.755216935508801,Milne13,Milne (2013),harmonicity,#11A3FF,Pure tones
3.7936436436436436,0.7554603754608604,Milne13,Milne (2013),harmonicity,#11A3FF,Pure tones
3.7941441441441444,0.7557026035736162,Milne13,Milne (2013),harmonicity,#11A3FF,Pure tones
3.7946446446446447,0.7559436074651499,Milne13,Milne (2013),harmonicity,#11A3FF,Pure tones
3.795145145145145,0.7561833748141843,Milne13,Milne (2013),harmonicity,#11A3FF,Pure tones
3.7956456456456458,0.7564218933599723,Milne13,Milne (2013),harmonicity,#11A3FF,Pure tones
3.796146146146146,0.7566591509021667,Milne13,Milne (2013),harmonicity,#11A3FF,Pure tones
3.796646646646647,0.7568951353007176,Milne13,Milne (2013),harmonicity,#11A3FF,Pure tones
3.797147147147147,0.7571298344757675,Milne13,Milne (2013),harmonicity,#11A3FF,Pure tones
3.7976476476476475,0.7573632364075475,Milne13,Milne (2013),harmonicity,#11A3FF,Pure tones
3.7981481481481483,0.7575953291363025,Milne13,Milne (2013),harmonicity,#11A3FF,Pure tones
3.7986486486486486,0.7578261007622009,Milne13,Milne (2013),harmonicity,#11A3FF,Pure tones
3.7991491491491494,0.7580555394452723,Milne13,Milne (2013),harmonicity,#11A3FF,Pure tones
3.7996496496496497,0.7582836334053481,Milne13,Milne (2013),harmonicity,#11A3FF,Pure tones
3.80015015015015,0.7585103709220049,Milne13,Milne (2013),harmonicity,#11A3FF,Pure tones
3.8006506506506508,0.7587357403345374,Milne13,Milne (2013),harmonicity,#11A3FF,Pure tones
3.801151151151151,0.7589597300419237,Milne13,Milne (2013),harmonicity,#11A3FF,Pure tones
3.801651651651652,0.7591823285028133,Milne13,Milne (2013),harmonicity,#11A3FF,Pure tones
3.802152152152152,0.759403524235529,Milne13,Milne (2013),harmonicity,#11A3FF,Pure tones
3.8026526526526525,0.7596233058180698,Milne13,Milne (2013),harmonicity,#11A3FF,Pure tones
3.8031531531531533,0.7598416618881423,Milne13,Milne (2013),harmonicity,#11A3FF,Pure tones
3.8036536536536536,0.7600585811431978,Milne13,Milne (2013),harmonicity,#11A3FF,Pure tones
3.8041541541541544,0.7602740523404842,Milne13,Milne (2013),harmonicity,#11A3FF,Pure tones
3.8046546546546547,0.7604880642971177,Milne13,Milne (2013),harmonicity,#11A3FF,Pure tones
3.805155155155155,0.7607006058901639,Milne13,Milne (2013),harmonicity,#11A3FF,Pure tones
3.8056556556556558,0.7609116660567414,Milne13,Milne (2013),harmonicity,#11A3FF,Pure tones
3.806156156156156,0.7611212337941371,Milne13,Milne (2013),harmonicity,#11A3FF,Pure tones
3.806656656656657,0.761329298159941,Milne13,Milne (2013),harmonicity,#11A3FF,Pure tones
3.807157157157157,0.7615358482722017,Milne13,Milne (2013),harmonicity,#11A3FF,Pure tones
3.8076576576576575,0.7617408733095908,Milne13,Milne (2013),harmonicity,#11A3FF,Pure tones
3.8081581581581583,0.7619443625115996,Milne13,Milne (2013),harmonicity,#11A3FF,Pure tones
3.8086586586586586,0.7621463051787415,Milne13,Milne (2013),harmonicity,#11A3FF,Pure tones
3.8091591591591594,0.7623466906727816,Milne13,Milne (2013),harmonicity,#11A3FF,Pure tones
3.8096596596596597,0.7625455084169891,Milne13,Milne (2013),harmonicity,#11A3FF,Pure tones
3.81016016016016,0.7627427478963965,Milne13,Milne (2013),harmonicity,#11A3FF,Pure tones
3.810660660660661,0.7629383986580983,Milne13,Milne (2013),harmonicity,#11A3FF,Pure tones
3.811161161161161,0.7631324503115565,Milne13,Milne (2013),harmonicity,#11A3FF,Pure tones
3.811661661661662,0.7633248925289307,Milne13,Milne (2013),harmonicity,#11A3FF,Pure tones
3.812162162162162,0.7635157150454397,Milne13,Milne (2013),harmonicity,#11A3FF,Pure tones
3.8126626626626625,0.763704907659727,Milne13,Milne (2013),harmonicity,#11A3FF,Pure tones
3.8131631631631633,0.7638924602342693,Milne13,Milne (2013),harmonicity,#11A3FF,Pure tones
3.8136636636636636,0.7640783626957911,Milne13,Milne (2013),harmonicity,#11A3FF,Pure tones
3.8141641641641644,0.76426260503571,Milne13,Milne (2013),harmonicity,#11A3FF,Pure tones
3.8146646646646647,0.7644451773106102,Milne13,Milne (2013),harmonicity,#11A3FF,Pure tones
3.815165165165165,0.7646260696427237,Milne13,Milne (2013),harmonicity,#11A3FF,Pure tones
3.815665665665666,0.7648052722204531,Milne13,Milne (2013),harmonicity,#11A3FF,Pure tones
3.816166166166166,0.764982775298906,Milne13,Milne (2013),harmonicity,#11A3FF,Pure tones
3.816666666666667,0.7651585692004572,Milne13,Milne (2013),harmonicity,#11A3FF,Pure tones
3.817167167167167,0.7653326443153379,Milne13,Milne (2013),harmonicity,#11A3FF,Pure tones
3.8176676676676675,0.7655049911022407,Milne13,Milne (2013),harmonicity,#11A3FF,Pure tones
3.8181681681681683,0.765675600088957,Milne13,Milne (2013),harmonicity,#11A3FF,Pure tones
3.8186686686686686,0.7658444618730338,Milne13,Milne (2013),harmonicity,#11A3FF,Pure tones
3.8191691691691694,0.7660115671224562,Milne13,Milne (2013),harmonicity,#11A3FF,Pure tones
3.8196696696696697,0.7661769065763526,Milne13,Milne (2013),harmonicity,#11A3FF,Pure tones
3.82017017017017,0.766340471045724,Milne13,Milne (2013),harmonicity,#11A3FF,Pure tones
3.820670670670671,0.7665022514141964,Milne13,Milne (2013),harmonicity,#11A3FF,Pure tones
3.821171171171171,0.7666622386387968,Milne13,Milne (2013),harmonicity,#11A3FF,Pure tones
3.821671671671672,0.7668204237507548,Milne13,Milne (2013),harmonicity,#11A3FF,Pure tones
3.822172172172172,0.7669767978563222,Milne13,Milne (2013),harmonicity,#11A3FF,Pure tones
3.822672672672673,0.7671313521376193,Milne13,Milne (2013),harmonicity,#11A3FF,Pure tones
3.8231731731731733,0.7672840778535011,Milne13,Milne (2013),harmonicity,#11A3FF,Pure tones
3.8236736736736736,0.7674349663404454,Milne13,Milne (2013),harmonicity,#11A3FF,Pure tones
3.8241741741741744,0.7675840090134661,Milne13,Milne (2013),harmonicity,#11A3FF,Pure tones
3.8246746746746747,0.7677311973670428,Milne13,Milne (2013),harmonicity,#11A3FF,Pure tones
3.8251751751751755,0.7678765229760708,Milne13,Milne (2013),harmonicity,#11A3FF,Pure tones
3.825675675675676,0.7680199774968394,Milne13,Milne (2013),harmonicity,#11A3FF,Pure tones
3.826176176176176,0.7681615526680146,Milne13,Milne (2013),harmonicity,#11A3FF,Pure tones
3.826676676676677,0.768301240311656,Milne13,Milne (2013),harmonicity,#11A3FF,Pure tones
3.827177177177177,0.7684390323342467,Milne13,Milne (2013),harmonicity,#11A3FF,Pure tones
3.827677677677678,0.7685749207277338,Milne13,Milne (2013),harmonicity,#11A3FF,Pure tones
3.8281781781781783,0.7687088975705979,Milne13,Milne (2013),harmonicity,#11A3FF,Pure tones
3.8286786786786786,0.7688409550289289,Milne13,Milne (2013),harmonicity,#11A3FF,Pure tones
3.8291791791791794,0.7689710853575219,Milne13,Milne (2013),harmonicity,#11A3FF,Pure tones
3.8296796796796797,0.7690992809009927,Milne13,Milne (2013),harmonicity,#11A3FF,Pure tones
3.8301801801801805,0.769225534094892,Milne13,Milne (2013),harmonicity,#11A3FF,Pure tones
3.830680680680681,0.7693498374668533,Milne13,Milne (2013),harmonicity,#11A3FF,Pure tones
3.831181181181181,0.7694721836377333,Milne13,Milne (2013),harmonicity,#11A3FF,Pure tones
3.831681681681682,0.7695925653227772,Milne13,Milne (2013),harmonicity,#11A3FF,Pure tones
3.832182182182182,0.7697109753327921,Milne13,Milne (2013),harmonicity,#11A3FF,Pure tones
3.832682682682683,0.7698274065753197,Milne13,Milne (2013),harmonicity,#11A3FF,Pure tones
3.8331831831831833,0.7699418520558375,Milne13,Milne (2013),harmonicity,#11A3FF,Pure tones
3.8336836836836836,0.7700543048789431,Milne13,Milne (2013),harmonicity,#11A3FF,Pure tones
3.8341841841841844,0.7701647582495623,Milne13,Milne (2013),harmonicity,#11A3FF,Pure tones
3.8346846846846847,0.7702732054741644,Milne13,Milne (2013),harmonicity,#11A3FF,Pure tones
3.8351851851851855,0.7703796399619623,Milne13,Milne (2013),harmonicity,#11A3FF,Pure tones
3.835685685685686,0.7704840552261406,Milne13,Milne (2013),harmonicity,#11A3FF,Pure tones
3.836186186186186,0.7705864448850654,Milne13,Milne (2013),harmonicity,#11A3FF,Pure tones
3.836686686686687,0.7706868026635084,Milne13,Milne (2013),harmonicity,#11A3FF,Pure tones
3.837187187187187,0.7707851223938659,Milne13,Milne (2013),harmonicity,#11A3FF,Pure tones
3.837687687687688,0.7708813980173751,Milne13,Milne (2013),harmonicity,#11A3FF,Pure tones
3.8381881881881883,0.7709756235853337,Milne13,Milne (2013),harmonicity,#11A3FF,Pure tones
3.8386886886886886,0.7710677932603069,Milne13,Milne (2013),harmonicity,#11A3FF,Pure tones
3.8391891891891894,0.7711579013173396,Milne13,Milne (2013),harmonicity,#11A3FF,Pure tones
3.8396896896896897,0.771245942145156,Milne13,Milne (2013),harmonicity,#11A3FF,Pure tones
3.8401901901901905,0.7713319102473559,Milne13,Milne (2013),harmonicity,#11A3FF,Pure tones
3.840690690690691,0.7714158002436003,Milne13,Milne (2013),harmonicity,#11A3FF,Pure tones
3.841191191191191,0.7714976068707867,Milne13,Milne (2013),harmonicity,#11A3FF,Pure tones
3.841691691691692,0.7715773249842189,Milne13,Milne (2013),harmonicity,#11A3FF,Pure tones
3.842192192192192,0.7716549495587606,Milne13,Milne (2013),harmonicity,#11A3FF,Pure tones
3.842692692692693,0.7717304756899749,Milne13,Milne (2013),harmonicity,#11A3FF,Pure tones
3.8431931931931933,0.7718038985952563,Milne13,Milne (2013),harmonicity,#11A3FF,Pure tones
3.8436936936936936,0.7718752136149367,Milne13,Milne (2013),harmonicity,#11A3FF,Pure tones
3.8441941941941944,0.771944416213387,Milne13,Milne (2013),harmonicity,#11A3FF,Pure tones
3.8446946946946947,0.7720115019800923,Milne13,Milne (2013),harmonicity,#11A3FF,Pure tones
3.8451951951951955,0.7720764666307103,Milne13,Milne (2013),harmonicity,#11A3FF,Pure tones
3.845695695695696,0.7721393060081146,Milne13,Milne (2013),harmonicity,#11A3FF,Pure tones
3.846196196196196,0.7722000160834084,Milne13,Milne (2013),harmonicity,#11A3FF,Pure tones
3.846696696696697,0.7722585929569221,Milne13,Milne (2013),harmonicity,#11A3FF,Pure tones
3.847197197197197,0.7723150328591906,Milne13,Milne (2013),harmonicity,#11A3FF,Pure tones
3.847697697697698,0.7723693321518945,Milne13,Milne (2013),harmonicity,#11A3FF,Pure tones
3.8481981981981983,0.772421487328792,Milne13,Milne (2013),harmonicity,#11A3FF,Pure tones
3.8486986986986986,0.7724714950166097,Milne13,Milne (2013),harmonicity,#11A3FF,Pure tones
3.8491991991991994,0.7725193519759139,Milne13,Milne (2013),harmonicity,#11A3FF,Pure tones
3.8496996996996997,0.772565055101959,Milne13,Milne (2013),harmonicity,#11A3FF,Pure tones
3.8502002002002005,0.772608601425489,Milne13,Milne (2013),harmonicity,#11A3FF,Pure tones
3.850700700700701,0.7726499881135321,Milne13,Milne (2013),harmonicity,#11A3FF,Pure tones
3.851201201201201,0.7726892124701444,Milne13,Milne (2013),harmonicity,#11A3FF,Pure tones
3.851701701701702,0.7727262719371313,Milne13,Milne (2013),harmonicity,#11A3FF,Pure tones
3.852202202202202,0.7727611640947415,Milne13,Milne (2013),harmonicity,#11A3FF,Pure tones
3.852702702702703,0.7727938866623114,Milne13,Milne (2013),harmonicity,#11A3FF,Pure tones
3.8532032032032033,0.7728244374988958,Milne13,Milne (2013),harmonicity,#11A3FF,Pure tones
3.8537037037037036,0.772852814603847,Milne13,Milne (2013),harmonicity,#11A3FF,Pure tones
3.8542042042042044,0.7728790161173665,Milne13,Milne (2013),harmonicity,#11A3FF,Pure tones
3.8547047047047047,0.7729030403210224,Milne13,Milne (2013),harmonicity,#11A3FF,Pure tones
3.8552052052052055,0.7729248856382231,Milne13,Milne (2013),harmonicity,#11A3FF,Pure tones
3.855705705705706,0.7729445506346669,Milne13,Milne (2013),harmonicity,#11A3FF,Pure tones
3.856206206206206,0.7729620340187322,Milne13,Milne (2013),harmonicity,#11A3FF,Pure tones
3.856706706706707,0.7729773346418547,Milne13,Milne (2013),harmonicity,#11A3FF,Pure tones
3.8572072072072072,0.7729904514988513,Milne13,Milne (2013),harmonicity,#11A3FF,Pure tones
3.857707707707708,0.7730013837282043,Milne13,Milne (2013),harmonicity,#11A3FF,Pure tones
3.8582082082082083,0.7730101306123226,Milne13,Milne (2013),harmonicity,#11A3FF,Pure tones
3.8587087087087086,0.7730166915777359,Milne13,Milne (2013),harmonicity,#11A3FF,Pure tones
3.8592092092092094,0.7730210661952779,Milne13,Milne (2013),harmonicity,#11A3FF,Pure tones
3.8597097097097097,0.7730232541802149,Milne13,Milne (2013),harmonicity,#11A3FF,Pure tones
3.8602102102102105,0.7730232553923326,Milne13,Milne (2013),harmonicity,#11A3FF,Pure tones
3.860710710710711,0.7730210698359979,Milne13,Milne (2013),harmonicity,#11A3FF,Pure tones
3.861211211211211,0.773016697660156,Milne13,Milne (2013),harmonicity,#11A3FF,Pure tones
3.861711711711712,0.7730101391583146,Milne13,Milne (2013),harmonicity,#11A3FF,Pure tones
3.8622122122122122,0.7730013947684726,Milne13,Milne (2013),harmonicity,#11A3FF,Pure tones
3.862712712712713,0.7729904650730086,Milne13,Milne (2013),harmonicity,#11A3FF,Pure tones
3.8632132132132133,0.7729773507985432,Milne13,Milne (2013),harmonicity,#11A3FF,Pure tones
3.8637137137137136,0.772962052815739,Milne13,Milne (2013),harmonicity,#11A3FF,Pure tones
3.8642142142142144,0.7729445721390855,Milne13,Milne (2013),harmonicity,#11A3FF,Pure tones
3.8647147147147147,0.7729249099266348,Milne13,Milne (2013),harmonicity,#11A3FF,Pure tones
3.8652152152152155,0.7729030674796917,Milne13,Milne (2013),harmonicity,#11A3FF,Pure tones
3.865715715715716,0.7728790462424848,Milne13,Milne (2013),harmonicity,#11A3FF,Pure tones
3.866216216216216,0.7728528478017731,Milne13,Milne (2013),harmonicity,#11A3FF,Pure tones
3.866716716716717,0.7728244738864409,Milne13,Milne (2013),harmonicity,#11A3FF,Pure tones
3.8672172172172172,0.7727939263670501,Milne13,Milne (2013),harmonicity,#11A3FF,Pure tones
3.867717717717718,0.7727612072553375,Milne13,Milne (2013),harmonicity,#11A3FF,Pure tones
3.8682182182182183,0.772726318703709,Milne13,Milne (2013),harmonicity,#11A3FF,Pure tones
3.8687187187187186,0.7726892630046635,Milne13,Milne (2013),harmonicity,#11A3FF,Pure tones
3.8692192192192194,0.7726500425902143,Milne13,Milne (2013),harmonicity,#11A3FF,Pure tones
3.8697197197197197,0.7726086600312612,Milne13,Milne (2013),harmonicity,#11A3FF,Pure tones
3.8702202202202205,0.7725651180369251,Milne13,Milne (2013),harmonicity,#11A3FF,Pure tones
3.870720720720721,0.7725194194538707,Milne13,Milne (2013),harmonicity,#11A3FF,Pure tones
3.871221221221221,0.7724715672655705,Milne13,Milne (2013),harmonicity,#11A3FF,Pure tones
3.871721721721722,0.7724215645915641,Milne13,Milne (2013),harmonicity,#11A3FF,Pure tones
3.8722222222222222,0.772369414686678,Milne13,Milne (2013),harmonicity,#11A3FF,Pure tones
3.872722722722723,0.7723151209402089,Milne13,Milne (2013),harmonicity,#11A3FF,Pure tones
3.8732232232232233,0.7722586868751022,Milne13,Milne (2013),harmonicity,#11A3FF,Pure tones
3.8737237237237236,0.7722001161470703,Milne13,Milne (2013),harmonicity,#11A3FF,Pure tones
3.8742242242242244,0.7721394125437223,Milne13,Milne (2013),harmonicity,#11A3FF,Pure tones
3.8747247247247247,0.7720765799836462,Milne13,Milne (2013),harmonicity,#11A3FF,Pure tones
3.8752252252252255,0.772011622515468,Milne13,Milne (2013),harmonicity,#11A3FF,Pure tones
3.875725725725726,0.7719445443169083,Milne13,Milne (2013),harmonicity,#11A3FF,Pure tones
3.876226226226226,0.771875349693788,Milne13,Milne (2013),harmonicity,#11A3FF,Pure tones
3.876726726726727,0.7718040430790413,Milne13,Milne (2013),harmonicity,#11A3FF,Pure tones
3.8772272272272272,0.771730629031696,Milne13,Milne (2013),harmonicity,#11A3FF,Pure tones
3.877727727727728,0.771655112235836,Milne13,Milne (2013),harmonicity,#11A3FF,Pure tones
3.8782282282282283,0.7715774974995576,Milne13,Milne (2013),harmonicity,#11A3FF,Pure tones
3.8787287287287286,0.771497789753893,Milne13,Milne (2013),harmonicity,#11A3FF,Pure tones
3.8792292292292294,0.7714159940517379,Milne13,Milne (2013),harmonicity,#11A3FF,Pure tones
3.8797297297297297,0.7713321155667544,Milne13,Milne (2013),harmonicity,#11A3FF,Pure tones
3.8802302302302305,0.7712461595922688,Milne13,Milne (2013),harmonicity,#11A3FF,Pure tones
3.880730730730731,0.7711581315401548,Milne13,Milne (2013),harmonicity,#11A3FF,Pure tones
3.881231231231231,0.7710680369397044,Milne13,Milne (2013),harmonicity,#11A3FF,Pure tones
3.881731731731732,0.7709758814365038,Milne13,Milne (2013),harmonicity,#11A3FF,Pure tones
3.8822322322322322,0.7708816707912848,Milne13,Milne (2013),harmonicity,#11A3FF,Pure tones
3.882732732732733,0.7707854108787846,Milne13,Milne (2013),harmonicity,#11A3FF,Pure tones
3.8832332332332333,0.7706871076865951,Milne13,Milne (2013),harmonicity,#11A3FF,Pure tones
3.8837337337337337,0.7705867673140064,Milne13,Milne (2013),harmonicity,#11A3FF,Pure tones
3.8842342342342344,0.7704843959708556,Milne13,Milne (2013),harmonicity,#11A3FF,Pure tones
3.8847347347347347,0.7703799999763656,Milne13,Milne (2013),harmonicity,#11A3FF,Pure tones
3.8852352352352355,0.7702735857579943,Milne13,Milne (2013),harmonicity,#11A3FF,Pure tones
3.885735735735736,0.7701651598502759,Milne13,Milne (2013),harmonicity,#11A3FF,Pure tones
3.886236236236236,0.7700547288936666,Milne13,Milne (2013),harmonicity,#11A3FF,Pure tones
3.886736736736737,0.7699422996334014,Milne13,Milne (2013),harmonicity,#11A3FF,Pure tones
3.8872372372372372,0.7698278789183435,Milne13,Milne (2013),harmonicity,#11A3FF,Pure tones
3.887737737737738,0.7697114736998512,Milne13,Milne (2013),harmonicity,#11A3FF,Pure tones
3.8882382382382383,0.7695930910306423,Milne13,Milne (2013),harmonicity,#11A3FF,Pure tones
3.8887387387387387,0.7694727380636696,Milne13,Milne (2013),harmonicity,#11A3FF,Pure tones
3.8892392392392394,0.7693504220510088,Milne13,Milne (2013),harmonicity,#11A3FF,Pure tones
3.8897397397397397,0.7692261503427502,Milne13,Milne (2013),harmonicity,#11A3FF,Pure tones
3.8902402402402405,0.7690999303859035,Milne13,Milne (2013),harmonicity,#11A3FF,Pure tones
3.890740740740741,0.7689717697233172,Milne13,Milne (2013),harmonicity,#11A3FF,Pure tones
3.891241241241241,0.7688416759926034,Milne13,Milne (2013),harmonicity,#11A3FF,Pure tones
3.891741741741742,0.76870965692508475,Milne13,Milne (2013),harmonicity,#11A3FF,Pure tones
3.8922422422422422,0.7685757203447461,Milne13,Milne (2013),harmonicity,#11A3FF,Pure tones
3.892742742742743,0.7684398741672102,Milne13,Milne (2013),harmonicity,#11A3FF,Pure tones
3.8932432432432433,0.7683021263987219,Milne13,Milne (2013),harmonicity,#11A3FF,Pure tones
3.8937437437437437,0.7681624851351526,Milne13,Milne (2013),harmonicity,#11A3FF,Pure tones
3.8942442442442444,0.7680209585610188,Milne13,Milne (2013),harmonicity,#11A3FF,Pure tones
3.8947447447447447,0.7678775549485222,Milne13,Milne (2013),harmonicity,#11A3FF,Pure tones
3.8952452452452455,0.7677322826566049,Milne13,Milne (2013),harmonicity,#11A3FF,Pure tones
3.895745745745746,0.7675851501300239,Milne13,Milne (2013),harmonicity,#11A3FF,Pure tones
3.896246246246246,0.7674361658984448,Milne13,Milne (2013),harmonicity,#11A3FF,Pure tones
3.896746746746747,0.7672853385755568,Milne13,Milne (2013),harmonicity,#11A3FF,Pure tones
3.8972472472472472,0.7671326768582047,Milne13,Milne (2013),harmonicity,#11A3FF,Pure tones
3.897747747747748,0.766978189525546,Milne13,Milne (2013),harmonicity,#11A3FF,Pure tones
3.8982482482482483,0.7668218854382225,Milne13,Milne (2013),harmonicity,#11A3FF,Pure tones
3.8987487487487487,0.7666637735375607,Milne13,Milne (2013),harmonicity,#11A3FF,Pure tones
3.8992492492492494,0.7665038628447862,Milne13,Milne (2013),harmonicity,#11A3FF,Pure tones
3.8997497497497497,0.7663421624602629,Milne13,Milne (2013),harmonicity,#11A3FF,Pure tones
3.9002502502502505,0.7661786815627574,Milne13,Milne (2013),harmonicity,#11A3FF,Pure tones
3.900750750750751,0.7660134294087183,Milne13,Milne (2013),harmonicity,#11A3FF,Pure tones
3.901251251251251,0.765846415331582,Milne13,Milne (2013),harmonicity,#11A3FF,Pure tones
3.901751751751752,0.7656776487410988,Milne13,Milne (2013),harmonicity,#11A3FF,Pure tones
3.9022522522522523,0.7655071391226815,Milne13,Milne (2013),harmonicity,#11A3FF,Pure tones
3.902752752752753,0.7653348960367772,Milne13,Milne (2013),harmonicity,#11A3FF,Pure tones
3.9032532532532533,0.7651609291182546,Milne13,Milne (2013),harmonicity,#11A3FF,Pure tones
3.9037537537537537,0.7649852480758229,Milne13,Milne (2013),harmonicity,#11A3FF,Pure tones
3.9042542542542544,0.7648078626914617,Milne13,Milne (2013),harmonicity,#11A3FF,Pure tones
3.9047547547547548,0.7646287828198773,Milne13,Milne (2013),harmonicity,#11A3FF,Pure tones
3.9052552552552555,0.7644480183879843,Milne13,Milne (2013),harmonicity,#11A3FF,Pure tones
3.905755755755756,0.7642655793943915,Milne13,Milne (2013),harmonicity,#11A3FF,Pure tones
3.906256256256256,0.7640814759089323,Milne13,Milne (2013),harmonicity,#11A3FF,Pure tones
3.906756756756757,0.7638957180721883,Milne13,Milne (2013),harmonicity,#11A3FF,Pure tones
3.9072572572572573,0.7637083160950514,Milne13,Milne (2013),harmonicity,#11A3FF,Pure tones
3.907757757757758,0.7635192802582974,Milne13,Milne (2013),harmonicity,#11A3FF,Pure tones
3.9082582582582583,0.7633286209121751,Milne13,Milne (2013),harmonicity,#11A3FF,Pure tones
3.9087587587587587,0.763136348476018,Milne13,Milne (2013),harmonicity,#11A3FF,Pure tones
3.9092592592592594,0.7629424734378709,Milne13,Milne (2013),harmonicity,#11A3FF,Pure tones
3.9097597597597598,0.7627470063541312,Milne13,Milne (2013),harmonicity,#11A3FF,Pure tones
3.9102602602602605,0.7625499578492054,Milne13,Milne (2013),harmonicity,#11A3FF,Pure tones
3.910760760760761,0.7623513386151859,Milne13,Milne (2013),harmonicity,#11A3FF,Pure tones
3.911261261261261,0.7621511594115318,Milne13,Milne (2013),harmonicity,#11A3FF,Pure tones
3.911761761761762,0.7619494310647752,Milne13,Milne (2013),harmonicity,#11A3FF,Pure tones
3.9122622622622623,0.7617461644682282,Milne13,Milne (2013),harmonicity,#11A3FF,Pure tones
3.912762762762763,0.7615413705817092,Milne13,Milne (2013),harmonicity,#11A3FF,Pure tones
3.9132632632632633,0.7613350604312769,Milne13,Milne (2013),harmonicity,#11A3FF,Pure tones
3.9137637637637637,0.7611272451089711,Milne13,Milne (2013),harmonicity,#11A3FF,Pure tones
3.9142642642642644,0.7609179357725712,Milne13,Milne (2013),harmonicity,#11A3FF,Pure tones
3.9147647647647648,0.7607071436453511,Milne13,Milne (2013),harmonicity,#11A3FF,Pure tones
3.9152652652652655,0.7604948800158479,Milne13,Milne (2013),harmonicity,#11A3FF,Pure tones
3.915765765765766,0.7602811562376405,Milne13,Milne (2013),harmonicity,#11A3FF,Pure tones
3.916266266266266,0.7600659837291154,Milne13,Milne (2013),harmonicity,#11A3FF,Pure tones
3.916766766766767,0.7598493739732609,Milne13,Milne (2013),harmonicity,#11A3FF,Pure tones
3.9172672672672673,0.7596313385174426,Milne13,Milne (2013),harmonicity,#11A3FF,Pure tones
3.917767767767768,0.7594118889731915,Milne13,Milne (2013),harmonicity,#11A3FF,Pure tones
3.9182682682682684,0.7591910370159948,Milne13,Milne (2013),harmonicity,#11A3FF,Pure tones
3.9187687687687687,0.7589687943850706,Milne13,Milne (2013),harmonicity,#11A3FF,Pure tones
3.9192692692692694,0.7587451728831651,Milne13,Milne (2013),harmonicity,#11A3FF,Pure tones
3.9197697697697698,0.7585201843763203,Milne13,Milne (2013),harmonicity,#11A3FF,Pure tones
3.9202702702702705,0.7582938407936598,Milne13,Milne (2013),harmonicity,#11A3FF,Pure tones
3.920770770770771,0.7580661541271588,Milne13,Milne (2013),harmonicity,#11A3FF,Pure tones
3.921271271271271,0.7578371364314044,Milne13,Milne (2013),harmonicity,#11A3FF,Pure tones
3.921771771771772,0.7576067998233637,Milne13,Milne (2013),harmonicity,#11A3FF,Pure tones
3.9222722722722723,0.7573751564821193,Milne13,Milne (2013),harmonicity,#11A3FF,Pure tones
3.922772772772773,0.757142218648622,Milne13,Milne (2013),harmonicity,#11A3FF,Pure tones
3.9232732732732734,0.7569079986254139,Milne13,Milne (2013),harmonicity,#11A3FF,Pure tones
3.9237737737737737,0.7566725087763444,Milne13,Milne (2013),harmonicity,#11A3FF,Pure tones
3.9242742742742744,0.7564357615262787,Milne13,Milne (2013),harmonicity,#11A3FF,Pure tones
3.9247747747747748,0.7561977693607783,Milne13,Milne (2013),harmonicity,#11A3FF,Pure tones
3.9252752752752755,0.7559585448257878,Milne13,Milne (2013),harmonicity,#11A3FF,Pure tones
3.925775775775776,0.7557181005272832,Milne13,Milne (2013),harmonicity,#11A3FF,Pure tones
3.926276276276276,0.7554764491309177,Milne13,Milne (2013),harmonicity,#11A3FF,Pure tones
3.926776776776777,0.7552336033616422,Milne13,Milne (2013),harmonicity,#11A3FF,Pure tones
3.9272772772772773,0.7549895760033063,Milne13,Milne (2013),harmonicity,#11A3FF,Pure tones
3.927777777777778,0.7547443798982433,Milne13,Milne (2013),harmonicity,#11A3FF,Pure tones
3.9282782782782784,0.7544980279468285,Milne13,Milne (2013),harmonicity,#11A3FF,Pure tones
3.9287787787787787,0.7542505331070195,Milne13,Milne (2013),harmonicity,#11A3FF,Pure tones
3.9292792792792794,0.7540019083938693,Milne13,Milne (2013),harmonicity,#11A3FF,Pure tones
3.9297797797797798,0.7537521668790149,Milne13,Milne (2013),harmonicity,#11A3FF,Pure tones
3.9302802802802805,0.7535013216901456,Milne13,Milne (2013),harmonicity,#11A3FF,Pure tones
3.930780780780781,0.7532493860104383,Milne13,Milne (2013),harmonicity,#11A3FF,Pure tones
3.9312812812812816,0.7529963730779737,Milne13,Milne (2013),harmonicity,#11A3FF,Pure tones
3.931781781781782,0.7527422961851146,Milne13,Milne (2013),harmonicity,#11A3FF,Pure tones
3.9322822822822823,0.7524871686778682,Milne13,Milne (2013),harmonicity,#11A3FF,Pure tones
3.932782782782783,0.7522310039552046,Milne13,Milne (2013),harmonicity,#11A3FF,Pure tones
3.9332832832832834,0.7519738154683576,Milne13,Milne (2013),harmonicity,#11A3FF,Pure tones
3.933783783783784,0.751715616720091,Milne13,Milne (2013),harmonicity,#11A3FF,Pure tones
3.9342842842842844,0.7514564212639301,Milne13,Milne (2013),harmonicity,#11A3FF,Pure tones
3.9347847847847848,0.7511962427033679,Milne13,Milne (2013),harmonicity,#11A3FF,Pure tones
3.9352852852852855,0.7509350946910295,Milne13,Milne (2013),harmonicity,#11A3FF,Pure tones
3.935785785785786,0.7506729909278131,Milne13,Milne (2013),harmonicity,#11A3FF,Pure tones
3.9362862862862866,0.750409945161995,Milne13,Milne (2013),harmonicity,#11A3FF,Pure tones
3.936786786786787,0.7501459711882962,Milne13,Milne (2013),harmonicity,#11A3FF,Pure tones
3.9372872872872873,0.7498810828469228,Milne13,Milne (2013),harmonicity,#11A3FF,Pure tones
3.937787787787788,0.7496152940225631,Milne13,Milne (2013),harmonicity,#11A3FF,Pure tones
3.9382882882882884,0.7493486186433561,Milne13,Milne (2013),harmonicity,#11A3FF,Pure tones
3.938788788788789,0.7490810706798264,Milne13,Milne (2013),harmonicity,#11A3FF,Pure tones
3.9392892892892895,0.7488126641437777,Milne13,Milne (2013),harmonicity,#11A3FF,Pure tones
3.9397897897897898,0.7485434130871582,Milne13,Milne (2013),harmonicity,#11A3FF,Pure tones
3.9402902902902905,0.7482733316008816,Milne13,Milne (2013),harmonicity,#11A3FF,Pure tones
3.940790790790791,0.7480024338136241,Milne13,Milne (2013),harmonicity,#11A3FF,Pure tones
3.9412912912912916,0.747730733890579,Milne13,Milne (2013),harmonicity,#11A3FF,Pure tones
3.941791791791792,0.7474582460321768,Milne13,Milne (2013),harmonicity,#11A3FF,Pure tones
3.9422922922922923,0.7471849844727715,Milne13,Milne (2013),harmonicity,#11A3FF,Pure tones
3.942792792792793,0.746910963479292,Milne13,Milne (2013),harmonicity,#11A3FF,Pure tones
3.9432932932932934,0.7466361973498576,Milne13,Milne (2013),harmonicity,#11A3FF,Pure tones
3.943793793793794,0.7463607004123651,Milne13,Milne (2013),harmonicity,#11A3FF,Pure tones
3.9442942942942945,0.7460844870230312,Milne13,Milne (2013),harmonicity,#11A3FF,Pure tones
3.944794794794795,0.7458075715649115,Milne13,Milne (2013),harmonicity,#11A3FF,Pure tones
3.9452952952952955,0.7455299684463802,Milne13,Milne (2013),harmonicity,#11A3FF,Pure tones
3.945795795795796,0.745251692099582,Milne13,Milne (2013),harmonicity,#11A3FF,Pure tones
3.9462962962962966,0.7449727569788465,Milne13,Milne (2013),harmonicity,#11A3FF,Pure tones
3.946796796796797,0.7446931775590804,Milne13,Milne (2013),harmonicity,#11A3FF,Pure tones
3.9472972972972973,0.7444129683341145,Milne13,Milne (2013),harmonicity,#11A3FF,Pure tones
3.947797797797798,0.7441321438150362,Milne13,Milne (2013),harmonicity,#11A3FF,Pure tones
3.9482982982982984,0.7438507185284818,Milne13,Milne (2013),harmonicity,#11A3FF,Pure tones
3.948798798798799,0.7435687070149073,Milne13,Milne (2013),harmonicity,#11A3FF,Pure tones
3.9492992992992995,0.7432861238268289,Milne13,Milne (2013),harmonicity,#11A3FF,Pure tones
3.9497997997998,0.7430029835270346,Milne13,Milne (2013),harmonicity,#11A3FF,Pure tones
3.9503003003003005,0.7427193006867763,Milne13,Milne (2013),harmonicity,#11A3FF,Pure tones
3.950800800800801,0.742435089883928,Milne13,Milne (2013),harmonicity,#11A3FF,Pure tones
3.9513013013013016,0.7421503657011348,Milne13,Milne (2013),harmonicity,#11A3FF,Pure tones
3.951801801801802,0.7418651427239241,Milne13,Milne (2013),harmonicity,#11A3FF,Pure tones
3.9523023023023023,0.7415794355388061,Milne13,Milne (2013),harmonicity,#11A3FF,Pure tones
3.952802802802803,0.7412932587313477,Milne13,Milne (2013),harmonicity,#11A3FF,Pure tones
3.9533033033033034,0.7410066268842332,Milne13,Milne (2013),harmonicity,#11A3FF,Pure tones
3.953803803803804,0.740719554575305,Milne13,Milne (2013),harmonicity,#11A3FF,Pure tones
3.9543043043043045,0.7404320563755894,Milne13,Milne (2013),harmonicity,#11A3FF,Pure tones
3.954804804804805,0.7401441468473026,Milne13,Milne (2013),harmonicity,#11A3FF,Pure tones
3.9553053053053056,0.7398558405418495,Milne13,Milne (2013),harmonicity,#11A3FF,Pure tones
3.955805805805806,0.739567151997808,Milne13,Milne (2013),harmonicity,#11A3FF,Pure tones
3.9563063063063066,0.739278095738903,Milne13,Milne (2013),harmonicity,#11A3FF,Pure tones
3.956806806806807,0.738988686271974,Milne13,Milne (2013),harmonicity,#11A3FF,Pure tones
3.9573073073073077,0.7386989380849289,Milne13,Milne (2013),harmonicity,#11A3FF,Pure tones
3.957807807807808,0.7384088656446938,Milne13,Milne (2013),harmonicity,#11A3FF,Pure tones
3.9583083083083084,0.7381184833951693,Milne13,Milne (2013),harmonicity,#11A3FF,Pure tones
3.958808808808809,0.7378278057551659,Milne13,Milne (2013),harmonicity,#11A3FF,Pure tones
3.9593093093093095,0.7375368471163548,Milne13,Milne (2013),harmonicity,#11A3FF,Pure tones
3.9598098098098102,0.7372456218412065,Milne13,Milne (2013),harmonicity,#11A3FF,Pure tones
3.9603103103103106,0.7369541442609376,Milne13,Milne (2013),harmonicity,#11A3FF,Pure tones
3.960810810810811,0.7366624286734661,Milne13,Milne (2013),harmonicity,#11A3FF,Pure tones
3.9613113113113116,0.7363704893413627,Milne13,Milne (2013),harmonicity,#11A3FF,Pure tones
3.961811811811812,0.7360783404898168,Milne13,Milne (2013),harmonicity,#11A3FF,Pure tones
3.9623123123123127,0.7357859963046054,Milne13,Milne (2013),harmonicity,#11A3FF,Pure tones
3.962812812812813,0.7354934709300768,Milne13,Milne (2013),harmonicity,#11A3FF,Pure tones
3.9633133133133134,0.7352007784671484,Milne13,Milne (2013),harmonicity,#11A3FF,Pure tones
3.963813813813814,0.7349079329713124,Milne13,Milne (2013),harmonicity,#11A3FF,Pure tones
3.9643143143143145,0.7346149484506663,Milne13,Milne (2013),harmonicity,#11A3FF,Pure tones
3.9648148148148152,0.7343218388639478,Milne13,Milne (2013),harmonicity,#11A3FF,Pure tones
3.9653153153153156,0.7340286181186014,Milne13,Milne (2013),harmonicity,#11A3FF,Pure tones
3.965815815815816,0.733735300068862,Milne13,Milne (2013),harmonicity,#11A3FF,Pure tones
3.9663163163163166,0.7334418985138563,Milne13,Milne (2013),harmonicity,#11A3FF,Pure tones
3.966816816816817,0.7331484271957401,Milne13,Milne (2013),harmonicity,#11A3FF,Pure tones
3.9673173173173177,0.7328548997978418,Milne13,Milne (2013),harmonicity,#11A3FF,Pure tones
3.967817817817818,0.7325613299428559,Milne13,Milne (2013),harmonicity,#11A3FF,Pure tones
3.9683183183183184,0.7322677311910487,Milne13,Milne (2013),harmonicity,#11A3FF,Pure tones
3.968818818818819,0.7319741170385038,Milne13,Milne (2013),harmonicity,#11A3FF,Pure tones
3.9693193193193195,0.7316805009153992,Milne13,Milne (2013),harmonicity,#11A3FF,Pure tones
3.9698198198198202,0.7313868961843094,Milne13,Milne (2013),harmonicity,#11A3FF,Pure tones
3.9703203203203206,0.7310933161385553,Milne13,Milne (2013),harmonicity,#11A3FF,Pure tones
3.970820820820821,0.7307997740005807,Milne13,Milne (2013),harmonicity,#11A3FF,Pure tones
3.9713213213213217,0.7305062829203712,Milne13,Milne (2013),harmonicity,#11A3FF,Pure tones
3.971821821821822,0.7302128559739172,Milne13,Milne (2013),harmonicity,#11A3FF,Pure tones
3.9723223223223227,0.7299195061617035,Milne13,Milne (2013),harmonicity,#11A3FF,Pure tones
3.972822822822823,0.7296262464072584,Milne13,Milne (2013),harmonicity,#11A3FF,Pure tones
3.9733233233233234,0.7293330895557291,Milne13,Milne (2013),harmonicity,#11A3FF,Pure tones
3.973823823823824,0.7290400483725185,Milne13,Milne (2013),harmonicity,#11A3FF,Pure tones
3.9743243243243245,0.7287471355419521,Milne13,Milne (2013),harmonicity,#11A3FF,Pure tones
3.9748248248248252,0.7284543636660026,Milne13,Milne (2013),harmonicity,#11A3FF,Pure tones
3.9753253253253256,0.728161745263054,Milne13,Milne (2013),harmonicity,#11A3FF,Pure tones
3.975825825825826,0.7278692927667195,Milne13,Milne (2013),harmonicity,#11A3FF,Pure tones
3.9763263263263267,0.727577018524708,Milne13,Milne (2013),harmonicity,#11A3FF,Pure tones
3.976826826826827,0.7272849347977405,Milne13,Milne (2013),harmonicity,#11A3FF,Pure tones
3.9773273273273277,0.7269930537585135,Milne13,Milne (2013),harmonicity,#11A3FF,Pure tones
3.977827827827828,0.7267013874907232,Milne13,Milne (2013),harmonicity,#11A3FF,Pure tones
3.9783283283283284,0.726409947988132,Milne13,Milne (2013),harmonicity,#11A3FF,Pure tones
3.978828828828829,0.7261187471536946,Milne13,Milne (2013),harmonicity,#11A3FF,Pure tones
3.9793293293293295,0.7258277967987367,Milne13,Milne (2013),harmonicity,#11A3FF,Pure tones
3.9798298298298302,0.7255371086421832,Milne13,Milne (2013),harmonicity,#11A3FF,Pure tones
3.9803303303303306,0.7252466943098463,Milne13,Milne (2013),harmonicity,#11A3FF,Pure tones
3.980830830830831,0.7249565653337654,Milne13,Milne (2013),harmonicity,#11A3FF,Pure tones
3.9813313313313317,0.7246667331516008,Milne13,Milne (2013),harmonicity,#11A3FF,Pure tones
3.981831831831832,0.7243772091060858,Milne13,Milne (2013),harmonicity,#11A3FF,Pure tones
3.9823323323323327,0.7240880044445284,Milne13,Milne (2013),harmonicity,#11A3FF,Pure tones
3.982832832832833,0.7237991303183702,Milne13,Milne (2013),harmonicity,#11A3FF,Pure tones
3.9833333333333334,0.7235105977828058,Milne13,Milne (2013),harmonicity,#11A3FF,Pure tones
3.983833833833834,0.723222417796446,Milne13,Milne (2013),harmonicity,#11A3FF,Pure tones
3.9843343343343345,0.7229346012210482,Milne13,Milne (2013),harmonicity,#11A3FF,Pure tones
3.9848348348348352,0.7226471588212858,Milne13,Milne (2013),harmonicity,#11A3FF,Pure tones
3.9853353353353356,0.7223601012645825,Milne13,Milne (2013),harmonicity,#11A3FF,Pure tones
3.985835835835836,0.7220734391210016,Milne13,Milne (2013),harmonicity,#11A3FF,Pure tones
3.9863363363363367,0.7217871828631744,Milne13,Milne (2013),harmonicity,#11A3FF,Pure tones
3.986836836836837,0.7215013428663011,Milne13,Milne (2013),harmonicity,#11A3FF,Pure tones
3.9873373373373378,0.7212159294081801,Milne13,Milne (2013),harmonicity,#11A3FF,Pure tones
3.987837837837838,0.7209309526693027,Milne13,Milne (2013),harmonicity,#11A3FF,Pure tones
3.9883383383383384,0.7206464227330016,Milne13,Milne (2013),harmonicity,#11A3FF,Pure tones
3.988838838838839,0.7203623495856306,Milne13,Milne (2013),harmonicity,#11A3FF,Pure tones
3.9893393393393395,0.7200787431168132,Milne13,Milne (2013),harmonicity,#11A3FF,Pure tones
3.9898398398398403,0.7197956131197192,Milne13,Milne (2013),harmonicity,#11A3FF,Pure tones
3.9903403403403406,0.7195129692913967,Milne13,Milne (2013),harmonicity,#11A3FF,Pure tones
3.990840840840841,0.7192308212331556,Milne13,Milne (2013),harmonicity,#11A3FF,Pure tones
3.9913413413413417,0.7189491784509768,Milne13,Milne (2013),harmonicity,#11A3FF,Pure tones
3.991841841841842,0.7186680503559845,Milne13,Milne (2013),harmonicity,#11A3FF,Pure tones
3.9923423423423428,0.7183874462649371,Milne13,Milne (2013),harmonicity,#11A3FF,Pure tones
3.992842842842843,0.7181073754007754,Milne13,Milne (2013),harmonicity,#11A3FF,Pure tones
3.9933433433433434,0.7178278468932056,Milne13,Milne (2013),harmonicity,#11A3FF,Pure tones
3.993843843843844,0.7175488697793063,Milne13,Milne (2013),harmonicity,#11A3FF,Pure tones
3.9943443443443445,0.7172704530041909,Milne13,Milne (2013),harmonicity,#11A3FF,Pure tones
3.9948448448448453,0.7169926054216832,Milne13,Milne (2013),harmonicity,#11A3FF,Pure tones
3.9953453453453456,0.7167153357950387,Milne13,Milne (2013),harmonicity,#11A3FF,Pure tones
3.995845845845846,0.7164386527976911,Milne13,Milne (2013),harmonicity,#11A3FF,Pure tones
3.9963463463463467,0.7161625650140238,Milne13,Milne (2013),harmonicity,#11A3FF,Pure tones
3.996846846846847,0.7158870809401815,Milne13,Milne (2013),harmonicity,#11A3FF,Pure tones
3.9973473473473478,0.7156122089848826,Milne13,Milne (2013),harmonicity,#11A3FF,Pure tones
3.997847847847848,0.7153379574702791,Milne13,Milne (2013),harmonicity,#11A3FF,Pure tones
3.9983483483483484,0.7150643346328244,Milne13,Milne (2013),harmonicity,#11A3FF,Pure tones
3.998848848848849,0.7147913486241624,Milne13,Milne (2013),harmonicity,#11A3FF,Pure tones
3.9993493493493495,0.714519007512041,Milne13,Milne (2013),harmonicity,#11A3FF,Pure tones
3.9998498498498503,0.7142473192812279,Milne13,Milne (2013),harmonicity,#11A3FF,Pure tones
4.000350350350351,0.7139762918344503,Milne13,Milne (2013),harmonicity,#11A3FF,Pure tones
4.000850850850851,0.7137059329933482,Milne13,Milne (2013),harmonicity,#11A3FF,Pure tones
4.001351351351351,0.7134362504994262,Milne13,Milne (2013),harmonicity,#11A3FF,Pure tones
4.001851851851852,0.7131672520150288,Milne13,Milne (2013),harmonicity,#11A3FF,Pure tones
4.002352352352353,0.7128989451243084,Milne13,Milne (2013),harmonicity,#11A3FF,Pure tones
4.002852852852853,0.7126313373342005,Milne13,Milne (2013),harmonicity,#11A3FF,Pure tones
4.003353353353353,0.7123644360754104,Milne13,Milne (2013),harmonicity,#11A3FF,Pure tones
4.003853853853854,0.7120982487033859,Milne13,Milne (2013),harmonicity,#11A3FF,Pure tones
4.004354354354355,0.7118327824993025,Milne13,Milne (2013),harmonicity,#11A3FF,Pure tones
4.004854854854855,0.7115680446710341,Milne13,Milne (2013),harmonicity,#11A3FF,Pure tones
4.005355355355356,0.7113040423541241,Milne13,Milne (2013),harmonicity,#11A3FF,Pure tones
4.005855855855856,0.7110407826127516,Milne13,Milne (2013),harmonicity,#11A3FF,Pure tones
4.006356356356356,0.7107782724406817,Milne13,Milne (2013),harmonicity,#11A3FF,Pure tones
4.006856856856857,0.7105165187622139,Milne13,Milne (2013),harmonicity,#11A3FF,Pure tones
4.007357357357358,0.710255528433111,Milne13,Milne (2013),harmonicity,#11A3FF,Pure tones
4.007857857857858,0.7099953082415174,Milne13,Milne (2013),harmonicity,#11A3FF,Pure tones
4.008358358358358,0.7097358649088642,Milne13,Milne (2013),harmonicity,#11A3FF,Pure tones
4.008858858858859,0.7094772050907533,Milne13,Milne (2013),harmonicity,#11A3FF,Pure tones
4.00935935935936,0.7092193353778229,Milne13,Milne (2013),harmonicity,#11A3FF,Pure tones
4.00985985985986,0.7089622622965962,Milne13,Milne (2013),harmonicity,#11A3FF,Pure tones
4.010360360360361,0.7087059923103057,Milne13,Milne (2013),harmonicity,#11A3FF,Pure tones
4.010860860860861,0.7084505318196965,Milne13,Milne (2013),harmonicity,#11A3FF,Pure tones
4.011361361361361,0.7081958871638024,Milne13,Milne (2013),harmonicity,#11A3FF,Pure tones
4.0118618618618624,0.7079420646206996,Milne13,Milne (2013),harmonicity,#11A3FF,Pure tones
4.012362362362363,0.707689070408232,Milne13,Milne (2013),harmonicity,#11A3FF,Pure tones
4.012862862862863,0.7074369106847054,Milne13,Milne (2013),harmonicity,#11A3FF,Pure tones
4.013363363363363,0.7071855915495598,Milne13,Milne (2013),harmonicity,#11A3FF,Pure tones
4.013863863863864,0.706935119044006,Milne13,Milne (2013),harmonicity,#11A3FF,Pure tones
4.014364364364365,0.7066854991516315,Milne13,Milne (2013),harmonicity,#11A3FF,Pure tones
4.014864864864865,0.7064367377989731,Milne13,Milne (2013),harmonicity,#11A3FF,Pure tones
4.015365365365366,0.7061888408560633,Milne13,Milne (2013),harmonicity,#11A3FF,Pure tones
4.015865865865866,0.705941814136934,Milne13,Milne (2013),harmonicity,#11A3FF,Pure tones
4.016366366366366,0.705695663400091,Milne13,Milne (2013),harmonicity,#11A3FF,Pure tones
4.0168668668668674,0.7054503943489544,Milne13,Milne (2013),harmonicity,#11A3FF,Pure tones
4.017367367367368,0.7052060126322568,Milne13,Milne (2013),harmonicity,#11A3FF,Pure tones
4.017867867867868,0.7049625238444122,Milne13,Milne (2013),harmonicity,#11A3FF,Pure tones
4.018368368368368,0.7047199335258465,Milne13,Milne (2013),harmonicity,#11A3FF,Pure tones
4.018868868868869,0.7044782471632877,Milne13,Milne (2013),harmonicity,#11A3FF,Pure tones
4.01936936936937,0.7042374701900241,Milne13,Milne (2013),harmonicity,#11A3FF,Pure tones
4.01986986986987,0.7039976079861162,Milne13,Milne (2013),harmonicity,#11A3FF,Pure tones
4.020370370370371,0.7037586658785863,Milne13,Milne (2013),harmonicity,#11A3FF,Pure tones
4.020870870870871,0.7035206491415537,Milne13,Milne (2013),harmonicity,#11A3FF,Pure tones
4.021371371371371,0.7032835629963385,Milne13,Milne (2013),harmonicity,#11A3FF,Pure tones
4.0218718718718725,0.7030474126115349,Milne13,Milne (2013),harmonicity,#11A3FF,Pure tones
4.022372372372373,0.7028122031030339,Milne13,Milne (2013),harmonicity,#11A3FF,Pure tones
4.022872872872873,0.7025779395340194,Milne13,Milne (2013),harmonicity,#11A3FF,Pure tones
4.023373373373373,0.7023446269149205,Milne13,Milne (2013),harmonicity,#11A3FF,Pure tones
4.023873873873874,0.7021122702033299,Milne13,Milne (2013),harmonicity,#11A3FF,Pure tones
4.024374374374375,0.7018808743038856,Milne13,Milne (2013),harmonicity,#11A3FF,Pure tones
4.024874874874875,0.7016504440681163,Milne13,Milne (2013),harmonicity,#11A3FF,Pure tones
4.025375375375376,0.7014209842942495,Milne13,Milne (2013),harmonicity,#11A3FF,Pure tones
4.025875875875876,0.7011924997269888,Milne13,Milne (2013),harmonicity,#11A3FF,Pure tones
4.026376376376376,0.7009649950572512,Milne13,Milne (2013),harmonicity,#11A3FF,Pure tones
4.0268768768768775,0.7007384749218769,Milne13,Milne (2013),harmonicity,#11A3FF,Pure tones
4.027377377377378,0.7005129439033009,Milne13,Milne (2013),harmonicity,#11A3FF,Pure tones
4.027877877877878,0.7002884065291939,Milne13,Milne (2013),harmonicity,#11A3FF,Pure tones
4.028378378378378,0.700064867272075,Milne13,Milne (2013),harmonicity,#11A3FF,Pure tones
4.028878878878879,0.6998423305488867,Milne13,Milne (2013),harmonicity,#11A3FF,Pure tones
4.02937937937938,0.6996208007205494,Milne13,Milne (2013),harmonicity,#11A3FF,Pure tones
4.02987987987988,0.6994002820914793,Milne13,Milne (2013),harmonicity,#11A3FF,Pure tones
4.030380380380381,0.6991807789090808,Milne13,Milne (2013),harmonicity,#11A3FF,Pure tones
4.030880880880881,0.6989622953632171,Milne13,Milne (2013),harmonicity,#11A3FF,Pure tones
4.031381381381381,0.6987448355856444,Milne13,Milne (2013),harmonicity,#11A3FF,Pure tones
4.0318818818818825,0.6985284036494361,Milne13,Milne (2013),harmonicity,#11A3FF,Pure tones
4.032382382382383,0.6983130035683673,Milne13,Milne (2013),harmonicity,#11A3FF,Pure tones
4.032882882882883,0.6980986392962891,Milne13,Milne (2013),harmonicity,#11A3FF,Pure tones
4.033383383383383,0.6978853147264786,Milne13,Milne (2013),harmonicity,#11A3FF,Pure tones
4.033883883883884,0.6976730336909635,Milne13,Milne (2013),harmonicity,#11A3FF,Pure tones
4.034384384384385,0.6974617999598367,Milne13,Milne (2013),harmonicity,#11A3FF,Pure tones
4.034884884884885,0.6972516172405442,Milne13,Milne (2013),harmonicity,#11A3FF,Pure tones
4.035385385385386,0.6970424891771625,Milne13,Milne (2013),harmonicity,#11A3FF,Pure tones
4.035885885885886,0.6968344193496607,Milne13,Milne (2013),harmonicity,#11A3FF,Pure tones
4.036386386386386,0.6966274112731425,Milne13,Milne (2013),harmonicity,#11A3FF,Pure tones
4.0368868868868875,0.6964214683970854,Milne13,Milne (2013),harmonicity,#11A3FF,Pure tones
4.037387387387388,0.6962165941045589,Milne13,Milne (2013),harmonicity,#11A3FF,Pure tones
4.037887887887888,0.6960127917114355,Milne13,Milne (2013),harmonicity,#11A3FF,Pure tones
4.038388388388388,0.6958100644655973,Milne13,Milne (2013),harmonicity,#11A3FF,Pure tones
4.038888888888889,0.6956084155461273,Milne13,Milne (2013),harmonicity,#11A3FF,Pure tones
4.03938938938939,0.6954078480624996,Milne13,Milne (2013),harmonicity,#11A3FF,Pure tones
4.03988988988989,0.695208365053761,Milne13,Milne (2013),harmonicity,#11A3FF,Pure tones
4.040390390390391,0.6950099694877108,Milne13,Milne (2013),harmonicity,#11A3FF,Pure tones
4.040890890890891,0.6948126642600769,Milne13,Milne (2013),harmonicity,#11A3FF,Pure tones
4.041391391391391,0.694616452193688,Milne13,Milne (2013),harmonicity,#11A3FF,Pure tones
4.0418918918918925,0.6944213360376481,Milne13,Milne (2013),harmonicity,#11A3FF,Pure tones
4.042392392392393,0.6942273184665135,Milne13,Milne (2013),harmonicity,#11A3FF,Pure tones
4.042892892892893,0.6940344020794637,Milne13,Milne (2013),harmonicity,#11A3FF,Pure tones
4.043393393393393,0.693842589399482,Milne13,Milne (2013),harmonicity,#11A3FF,Pure tones
4.043893893893894,0.6936518828725395,Milne13,Milne (2013),harmonicity,#11A3FF,Pure tones
4.044394394394395,0.6934622848667825,Milne13,Milne (2013),harmonicity,#11A3FF,Pure tones
4.044894894894895,0.6932737976717251,Milne13,Milne (2013),harmonicity,#11A3FF,Pure tones
4.045395395395396,0.6930864234974494,Milne13,Milne (2013),harmonicity,#11A3FF,Pure tones
4.045895895895896,0.6929001644738191,Milne13,Milne (2013),harmonicity,#11A3FF,Pure tones
4.046396396396396,0.6927150226496922,Milne13,Milne (2013),harmonicity,#11A3FF,Pure tones
4.0468968968968975,0.6925309999921522,Milne13,Milne (2013),harmonicity,#11A3FF,Pure tones
4.047397397397398,0.6923480983857492,Milne13,Milne (2013),harmonicity,#11A3FF,Pure tones
4.047897897897898,0.6921663196317478,Milne13,Milne (2013),harmonicity,#11A3FF,Pure tones
4.048398398398398,0.6919856654473936,Milne13,Milne (2013),harmonicity,#11A3FF,Pure tones
4.048898898898899,0.6918061374651903,Milne13,Milne (2013),harmonicity,#11A3FF,Pure tones
4.0493993993994,0.691627737232195,Milne13,Milne (2013),harmonicity,#11A3FF,Pure tones
4.0498998998999,0.6914504662093207,Milne13,Milne (2013),harmonicity,#11A3FF,Pure tones
4.050400400400401,0.6912743257706642,Milne13,Milne (2013),harmonicity,#11A3FF,Pure tones
4.050900900900901,0.6910993172028475,Milne13,Milne (2013),harmonicity,#11A3FF,Pure tones
4.051401401401401,0.6909254417043742,Milne13,Milne (2013),harmonicity,#11A3FF,Pure tones
4.0519019019019025,0.6907527003850074,Milne13,Milne (2013),harmonicity,#11A3FF,Pure tones
4.052402402402403,0.6905810942651628,Milne13,Milne (2013),harmonicity,#11A3FF,Pure tones
4.052902902902903,0.6904106242753284,Milne13,Milne (2013),harmonicity,#11A3FF,Pure tones
4.053403403403403,0.6902412912554974,Milne13,Milne (2013),harmonicity,#11A3FF,Pure tones
4.053903903903904,0.6900730959546229,Milne13,Milne (2013),harmonicity,#11A3FF,Pure tones
4.054404404404405,0.6899060390300985,Milne13,Milne (2013),harmonicity,#11A3FF,Pure tones
4.054904904904905,0.6897401210472576,Milne13,Milne (2013),harmonicity,#11A3FF,Pure tones
4.055405405405406,0.6895753424788905,Milne13,Milne (2013),harmonicity,#11A3FF,Pure tones
4.055905905905906,0.6894117037047968,Milne13,Milne (2013),harmonicity,#11A3FF,Pure tones
4.056406406406406,0.6892492050113468,Milne13,Milne (2013),harmonicity,#11A3FF,Pure tones
4.0569069069069075,0.6890878465910782,Milne13,Milne (2013),harmonicity,#11A3FF,Pure tones
4.057407407407408,0.6889276285423088,Milne13,Milne (2013),harmonicity,#11A3FF,Pure tones
4.057907907907908,0.6887685508687794,Milne13,Milne (2013),harmonicity,#11A3FF,Pure tones
4.058408408408408,0.6886106134793187,Milne13,Milne (2013),harmonicity,#11A3FF,Pure tones
4.058908908908909,0.6884538161875361,Milne13,Milne (2013),harmonicity,#11A3FF,Pure tones
4.05940940940941,0.6882981587115365,Milne13,Milne (2013),harmonicity,#11A3FF,Pure tones
4.05990990990991,0.6881436406736674,Milne13,Milne (2013),harmonicity,#11A3FF,Pure tones
4.060410410410411,0.6879902616002819,Milne13,Milne (2013),harmonicity,#11A3FF,Pure tones
4.060910910910911,0.687838020921541,Milne13,Milne (2013),harmonicity,#11A3FF,Pure tones
4.061411411411411,0.6876869179712356,Milne13,Milne (2013),harmonicity,#11A3FF,Pure tones
4.0619119119119125,0.6875369519866361,Milne13,Milne (2013),harmonicity,#11A3FF,Pure tones
4.062412412412413,0.6873881221083702,Milne13,Milne (2013),harmonicity,#11A3FF,Pure tones
4.062912912912913,0.6872404273803308,Milne13,Milne (2013),harmonicity,#11A3FF,Pure tones
4.0634134134134134,0.6870938667496065,Milne13,Milne (2013),harmonicity,#11A3FF,Pure tones
4.063913913913914,0.6869484390664481,Milne13,Milne (2013),harmonicity,#11A3FF,Pure tones
4.064414414414415,0.6868041430842581,Milne13,Milne (2013),harmonicity,#11A3FF,Pure tones
4.064914914914915,0.6866609774596084,Milne13,Milne (2013),harmonicity,#11A3FF,Pure tones
4.065415415415416,0.6865189407522869,Milne13,Milne (2013),harmonicity,#11A3FF,Pure tones
4.065915915915916,0.6863780314253806,Milne13,Milne (2013),harmonicity,#11A3FF,Pure tones
4.066416416416416,0.6862382478453762,Milne13,Milne (2013),harmonicity,#11A3FF,Pure tones
4.0669169169169175,0.6860995882823002,Milne13,Milne (2013),harmonicity,#11A3FF,Pure tones
4.067417417417418,0.6859620509098797,Milne13,Milne (2013),harmonicity,#11A3FF,Pure tones
4.067917917917918,0.6858256338057415,Milne13,Milne (2013),harmonicity,#11A3FF,Pure tones
4.0684184184184184,0.6856903349516323,Milne13,Milne (2013),harmonicity,#11A3FF,Pure tones
4.06891891891892,0.6855561522336773,Milne13,Milne (2013),harmonicity,#11A3FF,Pure tones
4.06941941941942,0.6854230834426636,Milne13,Milne (2013),harmonicity,#11A3FF,Pure tones
4.06991991991992,0.6852911262743513,Milne13,Milne (2013),harmonicity,#11A3FF,Pure tones
4.070420420420421,0.6851602783298205,Milne13,Milne (2013),harmonicity,#11A3FF,Pure tones
4.070920920920921,0.6850305371158485,Milne13,Milne (2013),harmonicity,#11A3FF,Pure tones
4.071421421421421,0.6849019000453092,Milne13,Milne (2013),harmonicity,#11A3FF,Pure tones
4.0719219219219225,0.6847743644376146,Milne13,Milne (2013),harmonicity,#11A3FF,Pure tones
4.072422422422423,0.6846479275191746,Milne13,Milne (2013),harmonicity,#11A3FF,Pure tones
4.072922922922923,0.6845225864238975,Milne13,Milne (2013),harmonicity,#11A3FF,Pure tones
4.0734234234234235,0.6843983381937134,Milne13,Milne (2013),harmonicity,#11A3FF,Pure tones
4.073923923923925,0.6842751797791344,Milne13,Milne (2013),harmonicity,#11A3FF,Pure tones
4.074424424424425,0.6841531080398384,Milne13,Milne (2013),harmonicity,#11A3FF,Pure tones
4.074924924924925,0.684032119745287,Milne13,Milne (2013),harmonicity,#11A3FF,Pure tones
4.075425425425426,0.6839122115753762,Milne13,Milne (2013),harmonicity,#11A3FF,Pure tones
4.075925925925926,0.6837933801211119,Milne13,Milne (2013),harmonicity,#11A3FF,Pure tones
4.076426426426426,0.6836756218853179,Milne13,Milne (2013),harmonicity,#11A3FF,Pure tones
4.0769269269269275,0.683558933283377,Milne13,Milne (2013),harmonicity,#11A3FF,Pure tones
4.077427427427428,0.6834433106439927,Milne13,Milne (2013),harmonicity,#11A3FF,Pure tones
4.077927927927928,0.6833287502099964,Milne13,Milne (2013),harmonicity,#11A3FF,Pure tones
4.0784284284284285,0.6832152481391663,Milne13,Milne (2013),harmonicity,#11A3FF,Pure tones
4.07892892892893,0.6831028005050898,Milne13,Milne (2013),harmonicity,#11A3FF,Pure tones
4.07942942942943,0.682991403298048,Milne13,Milne (2013),harmonicity,#11A3FF,Pure tones
4.07992992992993,0.6828810524259303,Milne13,Milne (2013),harmonicity,#11A3FF,Pure tones
4.080430430430431,0.6827717437151803,Milne13,Milne (2013),harmonicity,#11A3FF,Pure tones
4.080930930930931,0.682663472911768,Milne13,Milne (2013),harmonicity,#11A3FF,Pure tones
4.081431431431431,0.6825562356821883,Milne13,Milne (2013),harmonicity,#11A3FF,Pure tones
4.0819319319319325,0.6824500276144956,Milne13,Milne (2013),harmonicity,#11A3FF,Pure tones
4.082432432432433,0.6823448442193525,Milne13,Milne (2013),harmonicity,#11A3FF,Pure tones
4.082932932932933,0.682240680931122,Milne13,Milne (2013),harmonicity,#11A3FF,Pure tones
4.0834334334334335,0.6821375331089715,Milne13,Milne (2013),harmonicity,#11A3FF,Pure tones
4.083933933933935,0.6820353960380139,Milne13,Milne (2013),harmonicity,#11A3FF,Pure tones
4.084434434434435,0.6819342649304692,Milne13,Milne (2013),harmonicity,#11A3FF,Pure tones
4.084934934934935,0.6818341349268537,Milne13,Milne (2013),harmonicity,#11A3FF,Pure tones
4.085435435435436,0.681735001097194,Milne13,Milne (2013),harmonicity,#11A3FF,Pure tones
4.085935935935936,0.6816368584422656,Milne13,Milne (2013),harmonicity,#11A3FF,Pure tones
4.086436436436436,0.6815397018948558,Milne13,Milne (2013),harmonicity,#11A3FF,Pure tones
4.0869369369369375,0.6814435263210489,Milne13,Milne (2013),harmonicity,#11A3FF,Pure tones
4.087437437437438,0.6813483265215345,Milne13,Milne (2013),harmonicity,#11A3FF,Pure tones
4.087937937937938,0.6812540972329415,Milne13,Milne (2013),harmonicity,#11A3FF,Pure tones
4.0884384384384385,0.6811608331291877,Milne13,Milne (2013),harmonicity,#11A3FF,Pure tones
4.08893893893894,0.6810685288228562,Milne13,Milne (2013),harmonicity,#11A3FF,Pure tones
4.08943943943944,0.6809771788665879,Milne13,Milne (2013),harmonicity,#11A3FF,Pure tones
4.08993993993994,0.6808867777544948,Milne13,Milne (2013),harmonicity,#11A3FF,Pure tones
4.090440440440441,0.6807973199235932,Milne13,Milne (2013),harmonicity,#11A3FF,Pure tones
4.090940940940941,0.680708799755256,Milne13,Milne (2013),harmonicity,#11A3FF,Pure tones
4.091441441441441,0.6806212115766772,Milne13,Milne (2013),harmonicity,#11A3FF,Pure tones
4.0919419419419425,0.6805345496623577,Milne13,Milne (2013),harmonicity,#11A3FF,Pure tones
4.092442442442443,0.6804488082356043,Milne13,Milne (2013),harmonicity,#11A3FF,Pure tones
4.092942942942943,0.6803639814700471,Milne13,Milne (2013),harmonicity,#11A3FF,Pure tones
4.0934434434434435,0.6802800634911633,Milne13,Milne (2013),harmonicity,#11A3FF,Pure tones
4.093943943943945,0.680197048377823,Milne13,Milne (2013),harmonicity,#11A3FF,Pure tones
4.094444444444445,0.6801149301638414,Milne13,Milne (2013),harmonicity,#11A3FF,Pure tones
4.094944944944945,0.6800337028395419,Milne13,Milne (2013),harmonicity,#11A3FF,Pure tones
4.095445445445446,0.6799533603533324,Milne13,Milne (2013),harmonicity,#11A3FF,Pure tones
4.095945945945946,0.6798738966132917,Milne13,Milne (2013),harmonicity,#11A3FF,Pure tones
4.096446446446446,0.6797953054887597,Milne13,Milne (2013),harmonicity,#11A3FF,Pure tones
4.0969469469469475,0.6797175808119374,Milne13,Milne (2013),harmonicity,#11A3FF,Pure tones
4.097447447447448,0.6796407163794946,Milne13,Milne (2013),harmonicity,#11A3FF,Pure tones
4.097947947947948,0.6795647059541814,Milne13,Milne (2013),harmonicity,#11A3FF,Pure tones
4.0984484484484485,0.6794895432664437,Milne13,Milne (2013),harmonicity,#11A3FF,Pure tones
4.09894894894895,0.6794152220160449,Milne13,Milne (2013),harmonicity,#11A3FF,Pure tones
4.09944944944945,0.6793417358736847,Milne13,Milne (2013),harmonicity,#11A3FF,Pure tones
4.09994994994995,0.6792690784826262,Milne13,Milne (2013),harmonicity,#11A3FF,Pure tones
4.100450450450451,0.6791972434603155,Milne13,Milne (2013),harmonicity,#11A3FF,Pure tones
4.100950950950951,0.6791262244000082,Milne13,Milne (2013),harmonicity,#11A3FF,Pure tones
4.101451451451451,0.6790560148723905,Milne13,Milne (2013),harmonicity,#11A3FF,Pure tones
4.1019519519519525,0.6789866084271974,Milne13,Milne (2013),harmonicity,#11A3FF,Pure tones
4.102452452452453,0.6789179985948245,Milne13,Milne (2013),harmonicity,#11A3FF,Pure tones
4.102952952952953,0.6788501788879456,Milne13,Milne (2013),harmonicity,#11A3FF,Pure tones
4.1034534534534535,0.678783142803111,Milne13,Milne (2013),harmonicity,#11A3FF,Pure tones
4.103953953953955,0.6787168838223504,Milne13,Milne (2013),harmonicity,#11A3FF,Pure tones
4.104454454454455,0.6786513954147578,Milne13,Milne (2013),harmonicity,#11A3FF,Pure tones
4.104954954954955,0.6785866710380811,Milne13,Milne (2013),harmonicity,#11A3FF,Pure tones
4.105455455455456,0.6785227041402883,Milne13,Milne (2013),harmonicity,#11A3FF,Pure tones
4.105955955955956,0.6784594881611332,Milne13,Milne (2013),harmonicity,#11A3FF,Pure tones
4.106456456456456,0.6783970165337054,Milne13,Milne (2013),harmonicity,#11A3FF,Pure tones
4.1069569569569575,0.6783352826859683,Milne13,Milne (2013),harmonicity,#11A3FF,Pure tones
4.107457457457458,0.6782742800422832,Milne13,Milne (2013),harmonicity,#11A3FF,Pure tones
4.107957957957958,0.6782140020249254,Milne13,Milne (2013),harmonicity,#11A3FF,Pure tones
4.1084584584584585,0.6781544420555774,Milne13,Milne (2013),harmonicity,#11A3FF,Pure tones
4.10895895895896,0.6780955935568111,Milne13,Milne (2013),harmonicity,#11A3FF,Pure tones
4.10945945945946,0.6780374499535502,Milne13,Milne (2013),harmonicity,#11A3FF,Pure tones
4.10995995995996,0.6779800046745234,Milne13,Milne (2013),harmonicity,#11A3FF,Pure tones
4.110460460460461,0.6779232511536887,Milne13,Milne (2013),harmonicity,#11A3FF,Pure tones
4.110960960960961,0.6778671828316478,Milne13,Milne (2013),harmonicity,#11A3FF,Pure tones
4.111461461461461,0.6778117931570357,Milne13,Milne (2013),harmonicity,#11A3FF,Pure tones
4.1119619619619625,0.677757075587895,Milne13,Milne (2013),harmonicity,#11A3FF,Pure tones
4.112462462462463,0.6777030235930217,Milne13,Milne (2013),harmonicity,#11A3FF,Pure tones
4.112962962962963,0.6776496306533027,Milne13,Milne (2013),harmonicity,#11A3FF,Pure tones
4.1134634634634635,0.6775968902630183,Milne13,Milne (2013),harmonicity,#11A3FF,Pure tones
4.113963963963965,0.6775447959311316,Milne13,Milne (2013),harmonicity,#11A3FF,Pure tones
4.114464464464465,0.6774933411825446,Milne13,Milne (2013),harmonicity,#11A3FF,Pure tones
4.114964964964965,0.6774425195593466,Milne13,Milne (2013),harmonicity,#11A3FF,Pure tones
4.115465465465466,0.6773923246220241,Milne13,Milne (2013),harmonicity,#11A3FF,Pure tones
4.115965965965966,0.6773427499506534,Milne13,Milne (2013),harmonicity,#11A3FF,Pure tones
4.116466466466467,0.6772937891460673,Milne13,Milne (2013),harmonicity,#11A3FF,Pure tones
4.1169669669669675,0.6772454358309936,Milne13,Milne (2013),harmonicity,#11A3FF,Pure tones
4.117467467467468,0.6771976836511766,Milne13,Milne (2013),harmonicity,#11A3FF,Pure tones
4.117967967967968,0.6771505262764632,Milne13,Milne (2013),harmonicity,#11A3FF,Pure tones
4.1184684684684685,0.6771039574018671,Milne13,Milne (2013),harmonicity,#11A3FF,Pure tones
4.11896896896897,0.6770579707486105,Milne13,Milne (2013),harmonicity,#11A3FF,Pure tones
4.11946946946947,0.6770125600651279,Milne13,Milne (2013),harmonicity,#11A3FF,Pure tones
4.11996996996997,0.6769677191280589,Milne13,Milne (2013),harmonicity,#11A3FF,Pure tones
4.120470470470471,0.6769234417432008,Milne13,Milne (2013),harmonicity,#11A3FF,Pure tones
4.120970970970971,0.67687972174644,Milne13,Milne (2013),harmonicity,#11A3FF,Pure tones
4.121471471471472,0.6768365530046584,Milne13,Milne (2013),harmonicity,#11A3FF,Pure tones
4.1219719719719725,0.6767939294166029,Milne13,Milne (2013),harmonicity,#11A3FF,Pure tones
4.122472472472473,0.676751844913742,Milne13,Milne (2013),harmonicity,#11A3FF,Pure tones
4.122972972972973,0.6767102934610825,Milne13,Milne (2013),harmonicity,#11A3FF,Pure tones
4.1234734734734735,0.6766692690579648,Milne13,Milne (2013),harmonicity,#11A3FF,Pure tones
4.123973973973975,0.6766287657388306,Milne13,Milne (2013),harmonicity,#11A3FF,Pure tones
4.124474474474475,0.6765887775739604,Milne13,Milne (2013),harmonicity,#11A3FF,Pure tones
4.124974974974975,0.6765492986701882,Milne13,Milne (2013),harmonicity,#11A3FF,Pure tones
4.125475475475476,0.6765103231715855,Milne13,Milne (2013),harmonicity,#11A3FF,Pure tones
4.125975975975976,0.6764718452601197,Milne13,Milne (2013),harmonicity,#11A3FF,Pure tones
4.126476476476477,0.6764338591562854,Milne13,Milne (2013),harmonicity,#11A3FF,Pure tones
4.1269769769769775,0.6763963591197081,Milne13,Milne (2013),harmonicity,#11A3FF,Pure tones
4.127477477477478,0.6763593394497246,Milne13,Milne (2013),harmonicity,#11A3FF,Pure tones
4.127977977977978,0.6763227944859325,Milne13,Milne (2013),harmonicity,#11A3FF,Pure tones
4.1284784784784785,0.6762867186087165,Milne13,Milne (2013),harmonicity,#11A3FF,Pure tones
4.12897897897898,0.676251106239749,Milne13,Milne (2013),harmonicity,#11A3FF,Pure tones
4.12947947947948,0.6762159518424631,Milne13,Milne (2013),harmonicity,#11A3FF,Pure tones
4.12997997997998,0.6761812499225017,Milne13,Milne (2013),harmonicity,#11A3FF,Pure tones
4.130480480480481,0.676146995028142,Milne13,Milne (2013),harmonicity,#11A3FF,Pure tones
4.130980980980981,0.6761131817506929,Milne13,Milne (2013),harmonicity,#11A3FF,Pure tones
4.131481481481482,0.6760798047248711,Milne13,Milne (2013),harmonicity,#11A3FF,Pure tones
4.1319819819819825,0.6760468586291511,Milne13,Milne (2013),harmonicity,#11A3FF,Pure tones
4.132482482482483,0.6760143381860912,Milne13,Milne (2013),harmonicity,#11A3FF,Pure tones
4.132982982982983,0.6759822381626375,Milne13,Milne (2013),harmonicity,#11A3FF,Pure tones
4.1334834834834835,0.6759505533704026,Milne13,Milne (2013),harmonicity,#11A3FF,Pure tones
4.133983983983985,0.6759192786659262,Milne13,Milne (2013),harmonicity,#11A3FF,Pure tones
4.134484484484485,0.6758884089509078,Milne13,Milne (2013),harmonicity,#11A3FF,Pure tones
4.134984984984985,0.6758579391724211,Milne13,Milne (2013),harmonicity,#11A3FF,Pure tones
4.135485485485486,0.6758278643231046,Milne13,Milne (2013),harmonicity,#11A3FF,Pure tones
4.135985985985986,0.6757981794413345,Milne13,Milne (2013),harmonicity,#11A3FF,Pure tones
4.136486486486487,0.6757688796113754,Milne13,Milne (2013),harmonicity,#11A3FF,Pure tones
4.1369869869869875,0.6757399599635057,Milne13,Milne (2013),harmonicity,#11A3FF,Pure tones
4.137487487487488,0.6757114156741343,Milne13,Milne (2013),harmonicity,#11A3FF,Pure tones
4.137987987987988,0.675683241965886,Milne13,Milne (2013),harmonicity,#11A3FF,Pure tones
4.1384884884884885,0.6756554341076779,Milne13,Milne (2013),harmonicity,#11A3FF,Pure tones
4.13898898898899,0.6756279874147705,Milne13,Milne (2013),harmonicity,#11A3FF,Pure tones
4.13948948948949,0.6756008972488013,Milne13,Milne (2013),harmonicity,#11A3FF,Pure tones
4.13998998998999,0.6755741590178083,Milne13,Milne (2013),harmonicity,#11A3FF,Pure tones
4.140490490490491,0.6755477681762256,Milne13,Milne (2013),harmonicity,#11A3FF,Pure tones
4.140990990990991,0.6755217202248709,Milne13,Milne (2013),harmonicity,#11A3FF,Pure tones
4.141491491491492,0.6754960107109124,Milne13,Milne (2013),harmonicity,#11A3FF,Pure tones
4.1419919919919925,0.6754706352278181,Milne13,Milne (2013),harmonicity,#11A3FF,Pure tones
4.142492492492493,0.6754455894152988,Milne13,Milne (2013),harmonicity,#11A3FF,Pure tones
4.142992992992993,0.6754208689592242,Milne13,Milne (2013),harmonicity,#11A3FF,Pure tones
4.1434934934934935,0.6753964695915342,Milne13,Milne (2013),harmonicity,#11A3FF,Pure tones
4.143993993993995,0.6753723870901323,Milne13,Milne (2013),harmonicity,#11A3FF,Pure tones
4.144494494494495,0.6753486172787615,Milne13,Milne (2013),harmonicity,#11A3FF,Pure tones
4.144994994994995,0.6753251560268771,Milne13,Milne (2013),harmonicity,#11A3FF,Pure tones
4.145495495495496,0.6753019992494975,Milne13,Milne (2013),harmonicity,#11A3FF,Pure tones
4.145995995995996,0.6752791429070472,Milne13,Milne (2013),harmonicity,#11A3FF,Pure tones
4.146496496496497,0.6752565830051873,Milne13,Milne (2013),harmonicity,#11A3FF,Pure tones
4.1469969969969975,0.6752343155946333,Milne13,Milne (2013),harmonicity,#11A3FF,Pure tones
4.147497497497498,0.675212336770965,Milne13,Milne (2013),harmonicity,#11A3FF,Pure tones
4.147997997997998,0.6751906426744225,Milne13,Milne (2013),harmonicity,#11A3FF,Pure tones
4.1484984984984985,0.675169229489694,Milne13,Milne (2013),harmonicity,#11A3FF,Pure tones
4.148998998999,0.6751480934456947,Milne13,Milne (2013),harmonicity,#11A3FF,Pure tones
4.1494994994995,0.6751272308153303,Milne13,Milne (2013),harmonicity,#11A3FF,Pure tones
4.15,0.6751066379152628,Milne13,Milne (2013),harmonicity,#11A3FF,Pure tones
