interval,rating,rating_boot_mean,rating_boot_se
0,0.608250099322886,0.606227289867555,0.17793816089178027
0.015015015015015015,0.6058292556586513,0.6037735365541242,0.17615735805147403
0.03003003003003003,0.6030091695918698,0.6009218143515467,0.174297721372715
0.04504504504504504,0.5997475581361676,0.5976308111155086,0.17236229888040083
0.06006006006006006,0.596001367569431,0.593858346500403,0.17035512570969
0.07507507507507508,0.5917271648932051,0.5895617285020084,0.16828130339005548
0.09009009009009009,0.5868815773893694,0.5846981588478016,0.16614707229062825
0.10510510510510511,0.5814217763584997,0.5792251851437955,0.16395987431347023
0.12012012012012012,0.575305999450275,0.5731011962482553,0.16172840224918397
0.13513513513513514,0.5684941044004622,0.5662859558858864,0.15946263130957192
0.15015015015015015,0.5609481455859024,0.5587411681158198,0.15717382719959852
0.16516516516516516,0.5526329637182129,0.5504310670036451,0.15487452370435562
0.18018018018018017,0.5435167783297182,0.5413230218016524,0.15257846123673413
0.19519519519519518,0.5335717725506778,0.5313881481832541,0.15030047631031693
0.21021021021021022,0.5227746600871772,0.5206019156603544,0.14805633078831637
0.22522522522522523,0.5111072252846341,0.5089447412633179,0.1458624694679542
0.24024024024024024,0.49855682864077694,0.4964025598755095,0.14373569566130256
0.2552552552552553,0.48511687198467146,0.48296736224406017,0.14169275755082358
0.2702702702702703,0.4707872195691336,0.4686376925520259,0.13974984378277397
0.2852852852852853,0.45557457328217144,0.45341909841593064,0.1379219953161974
0.3003003003003003,0.4394928017834659,0.43732452712067454,0.13622245180334872
0.3153153153153153,0.42256322432226034,0.4203746626607275,0.1346619639017235
0.3303303303303303,0.4048148500298602,0.40259819856452767,0.13324811629232164
0.34534534534534533,0.3862845724059197,0.384032041402768,0.131984717492096
0.36036036036036034,0.36701731643905244,0.3647214392288871,0.1308713191353498
0.37537537537537535,0.34706613236126854,0.34472002794409,0.12990292682656454
0.39039039039039036,0.3264922256327477,0.3240897867745954,0.12906995544038607
0.40540540540540543,0.3053649077575356,0.3029008918467131,0.12835846389834188
0.42042042042042044,0.2837614474714039,0.2812314544998519,0.1277506797845309
0.43543543543543545,0.261766797384861,0.25916712884303805,0.1272257959608709
0.45045045045045046,0.2394731680594995,0.23680057157759904,0.12676099365164917
0.46546546546546547,0.2169794205176691,0.21423073677594087,0.1263326231523581
0.4804804804804805,0.194390250043033,0.1915619896368639,0.12591745725360742
0.4954954954954955,0.171815139369889,0.1689030266996622,0.1254939251184692
0.5105105105105106,0.14936706826540827,0.14636559594248,0.1250432357979079
0.5255255255255256,0.12716097900681952,0.12406301876656642,0.12455030990594841
0.5405405405405406,0.1053120128440899,0.10210852695158751,0.12400445379257388
0.5555555555555556,0.0839335502623004,0.08061344079298981,0.1233997313215492
0.5705705705705706,0.0631351063358685,0.05968522896712123,0.12273501260603961
0.5855855855855856,0.043020149989416584,0.039425505031934024,0.12201370529050304
0.6006006006006006,0.023683930672437372,0.019928028413250344,0.12124320050223149
0.6156156156156156,0.005211405994773465,0.0012767876811766055,0.12043409034598039
0.6306306306306306,-0.01232463226669194,-0.016455750601267794,0.11959923425985894
0.6456456456456456,-0.028865139682906944,-0.03321014436169167,0.11875276493920706
0.6606606606606606,-0.04436602484476557,-0.04894115325985865,0.11790912836620246
0.6756756756756757,-0.05879891347447551,-0.06361852696655279,0.11708224517560097
0.6906906906906907,-0.07215142848479157,-0.07722735920295529,0.11628486214924331
0.7057057057057057,-0.08442697033304407,-0.0897679848675575,0.11552813506694896
0.7207207207207207,-0.09564401009370123,-0.10125542238806547,0.11482145136494096
0.7357357357357357,-0.10583493451097618,-0.11171838822967302,0.11417246824087687
0.7507507507507507,-0.11504450561861632,-0.12119793307162618,0.11358731434688674
0.7657657657657657,-0.12332801552439537,-0.12974576764363305,0.11307088535699081
0.7807807807807807,-0.13074922850057522,-0.13742235923442073,0.11262715786444989
0.7957957957957957,-0.1373782071748787,-0.14429488674226504,0.1122594523114729
0.8108108108108109,-0.1432891176529327,-0.1504351427981872,0.11197059192131636
0.8258258258258259,-0.14855810067569536,-0.1559174665164837,0.11176292738483712
0.8408408408408409,-0.15326128368226866,-0.16081678082248074,0.11163822223441726
0.8558558558558559,-0.15747299337750228,-0.16520679535331714,0.1115974174676245
0.8708708708708709,-0.1612642115881,-0.16915842099814832,0.1116403128440408
0.8858858858858859,-0.16470130019895468,-0.17273842655682722,0.11176521422031897
0.9009009009009009,-0.16784500493441498,-0.17600835289988317,0.11196860036006576
0.9159159159159159,-0.17074973354741396,-0.17902368632033624,0.11224485908985726
0.9309309309309309,-0.17346309217233222,-0.1818332811283892,0.11258613274362853
0.9459459459459459,-0.17602565448619034,-0.18447901234248457,0.11298229859219666
0.960960960960961,-0.17847093198277056,-0.1869956327304386,0.11342109384265553
0.975975975975976,-0.18082550999717595,-0.1894108044139319,0.11388837923783492
0.990990990990991,-0.18310931290305735,-0.19174527357957608,0.11436852228547774
1.006006006006006,-0.18533596284221848,-0.19401315724345775,0.11484487198488895
1.021021021021021,-0.1875131990941693,-0.19622231312742267,0.1153002920617582
1.0360360360360361,-0.189643329389829,-0.1983747671212728,0.11571771889406064
1.0510510510510511,-0.19172368975185722,-0.20046717711090065,0.1160807127070258
1.0660660660660661,-0.19374709543768104,-0.2024913167424215,0.11637397516326553
1.0810810810810811,-0.19570227190506087,-0.20443456758499098,0.11658381208916892
1.0960960960960962,-0.19757426104905007,-0.20628041280522477,0.11669852583664192
1.1111111111111112,-0.19934480390796738,-0.20800892957548353,0.11670872701261077
1.1261261261261262,-0.20099270624244586,-0.209597280763639,0.1166075596292026
1.1411411411411412,-0.20249419750679262,-0.21102020881283062,0.11639083700358077
1.1561561561561562,-0.20382329643863634,-0.21225053600482577,0.11605708805029764
1.1711711711711712,-0.20495219753188004,-0.21325967547192684,0.11560751520993445
1.1861861861861862,-0.20585169186157873,-0.2140181564176785,0.11504586651520558
1.2012012012012012,-0.2064916330570429,-0.2144961651383344,0.11437822564776462
1.2162162162162162,-0.20684145479103422,-0.2146641007884766,0.11361272572718965
1.2312312312312312,-0.20687074026993452,-0.21449314165139077,0.11275919535762441
1.2462462462462462,-0.20654983735849766,-0.21395581425474422,0.11182874931300832
1.2612612612612613,-0.20585050580069464,-0.21302655434534828,0.11083334105759189
1.2762762762762763,-0.20474657626210094,-0.21168224584529782,0.10978529960144827
1.2912912912912913,-0.20321459540630027,-0.2099027217812403,0.10869687813484018
1.3063063063063063,-0.20123442764830637,-0.20767121008767317,0.10757984533688367
1.3213213213213213,-0.19878978315431828,-0.2049747073344725,0.10644515098682489
1.3363363363363363,-0.19586864337597581,-0.20180426491467007,0.1053026944870708
1.3513513513513513,-0.1924635599031141,-0.19815517502616323,0.10416121760966905
1.3663663663663663,-0.1885718093514262,-0.19402704774267443,0.10302833143668054
1.3813813813813813,-0.18419539574146057,-0.18942377533608393,0.10191067317283656
1.3963963963963963,-0.17934090153639318,-0.18435338544106944,0.10081417310100427
1.4114114114114114,-0.17401919825448448,-0.1788277902514919,0.09974439767967656
1.4264264264264264,-0.16824503645005343,-0.17286244430330996,0.09870692386546084
1.4414414414414414,-0.16203654209240906,-0.1664759281534129,0.0977076939179564
1.4564564564564564,-0.1554146514132212,-0.15968947908447056,0.09675330014353056
1.4714714714714714,-0.1484025188502427,-0.15252649260459866,0.09585115527892796
1.4864864864864864,-0.14102493276512554,-0.1450120198064867,0.0950095157063376
1.5015015015015014,-0.13330777136286157,-0.13717228553504673,0.09423734004059856
1.5165165165165164,-0.12527752707075263,-0.12903425080867886,0.09354398312861659
1.5315315315315314,-0.11696092202944208,-0.12062524015558576,0.09293874334486613
1.5465465465465464,-0.10838463082619759,-0.11197265064719028,0.09243029749043864
1.5615615615615615,-0.0995751196574295,-0.1031037546794341,0.09202607095781093
1.5765765765765765,-0.09055860417609093,-0.09404560325353031,0.09173159964504307
1.5915915915915915,-0.08136112170619714,-0.0848250309415634,0.09154994323491782
1.6066066066066067,-0.0720087075436758,-0.07546875818241382,0.09148120624907646
1.6216216216216217,-0.06252765987448675,-0.06600358130241002,0.09152221384154897
1.6366366366366367,-0.05294487351755618,-0.056456635906495294,0.09166637461526816
1.6516516516516517,-0.043288219275765864,-0.046855715194036585,0.09190374471328863
1.6666666666666667,-0.033586943150958025,-0.037229621413567955,0.09222128853152996
1.6816816816816818,-0.023872058029390218,-0.027608526127621543,0.09260331420043634
1.6966966966966968,-0.014176699652858902,-0.018024313225134644,0.09303204861963339
1.7117117117117118,-0.004536418752406105,-0.008510877698466021,0.09348830857194167
1.7267267267267268,0.005010617844534567,8.956468866644448e-4,0.09395222155388283
1.7417417417417418,0.014423542466852577,0.010156758503807562,0.09440395183313981
1.7567567567567568,0.023658840688531763,0.01923157885639468,0.09482439273023573
1.7717717717717718,0.03267056277131336,0.028076989234658734,0.09519579389822083
1.7867867867867868,0.04141070581788287,0.03664792742350325,0.09550230122864217
1.8018018018018018,0.049829773554671226,0.044897857384195224,0.09573039598941449
1.8168168168168168,0.05787751294349717,0.05277941620999354,0.09586922821187331
1.8318318318318318,0.06550381792600102,0.06024523408869871,0.09591084669413398
1.8468468468468469,0.07265978079829576,0.06724891289238516,0.09585033387735928
1.8618618618618619,0.0792988614508093,0.07374613798846366,0.0956858579166253
1.8768768768768769,0.08537813464757298,0.07969588661675685,0.09541865617743939
1.8918918918918919,0.09085956649808327,0.08506168563508229,0.09505296390740448
1.906906906906907,0.09571126424759013,0.08981286270242804,0.09459589893011275
1.921921921921922,0.09990863944315298,0.09392572919309525,0.09405730817857004
1.936936936936937,0.10343542425971229,0.09738463134743233,0.09344957542747896
1.951951951951952,0.10628448484903183,0.10018280909263393,0.09278738280747913
1.966966966966967,0.10845838414337203,0.10232300986925752,0.09208741301359362
1.981981981981982,0.10996965923553462,0.10381781735552917,0.09136797609154124
1.996996996996997,0.11084079437308504,0.10468967127203828,0.09064854566907551
2.012012012012012,0.11110388839928108,0.10497057303681594,0.08994919537896824
2.027027027027027,0.11080003350253509,0.10470149115066456,0.08928993708799277
2.042042042042042,0.10997843867746192,0.10393149795956394,0.08868997747056151
2.057057057057057,0.1086953447931613,0.10271668417436489,0.08816692640449914
2.0720720720720722,0.1070127874259849,0.10111890794532401,0.08773600661258518
2.0870870870870872,0.10499726799299884,0.09920444067411055,0.08740932540532921
2.1021021021021022,0.10271839315884797,0.09704257200666465,0.08719527302345464
2.1171171171171173,0.1002475374801464,0.09470423207475821,0.08709810584665117
2.1321321321321323,0.09765657573623814,0.09226068098365965,0.08711775656015454
2.1471471471471473,0.09501672058462084,0.08978230499571549,0.0872498895519513
2.1621621621621623,0.0923974893738918,0.08733754713951453,0.08748619262533792
2.1771771771771773,0.08986581236886894,0.08499198830304315,0.08781487070256352
2.1921921921921923,0.08748528430783961,0.08280758425766677,0.08822128815357183
2.2072072072072073,0.08531555285500239,0.08084205523274551,0.08868869652624863
2.2222222222222223,0.08341183155752735,0.07914841803293561,0.08919898428603669
2.2372372372372373,0.08182452149693352,0.07777464638407758,0.08973339313542372
2.2522522522522523,0.08059892481526106,0.07676344308559335,0.09027315876593736
2.2672672672672673,0.07977503437438511,0.07615210733016314,0.09080004939614261
2.2822822822822824,0.07938738650550904,0.0759724818000566,0.09129679054188915
2.2972972972972974,0.07946496757001131,0.07625096638304725,0.09174737738409887
2.3123123123123124,0.08003116928659539,0.07700858808633566,0.09213728596899096
2.3273273273273274,0.08110379189187847,0.07826111952191962,0.09245360110955983
2.3423423423423424,0.08269509764832354,0.08001924082136219,0.0926850824791833
2.3573573573573574,0.08481191954155595,0.08228874173565986,0.09282219138634634
2.3723723723723724,0.08745583089730247,0.08507076181600606,0.09285709948844698
2.3873873873873874,0.09062338094359904,0.08836206689060151,0.09278369758415568
2.4024024024024024,0.09430639908648873,0.09215535959009115,0.09259761792197005
2.4174174174174174,0.09849236709518398,0.09643962055680433,0.0922962775010338
2.4324324324324325,0.10316485392162135,0.10120047539628575,0.09187894302497267
2.4474474474474475,0.10830400305636982,0.1064205806331449,0.09134681102885718
2.4624624624624625,0.11388705775562125,0.11208002017380929,0.09070308988430667
2.4774774774774775,0.11988890574734772,0.11815670230373457,0.08995306462881104
2.4924924924924925,0.1262826226187274,0.12462674626976718,0.08910412159841605
2.5075075075075075,0.13303999231062577,0.1314648471798618,0.08816570832282267
2.5225225225225225,0.140131984099443,0.13864460838476805,0.08714920556491089
2.5375375375375375,0.14752916802279092,0.1461388317071615,0.08606769303323095
2.5525525525525525,0.1552020546153105,0.1539197577956366,0.0849355981911786
2.5675675675675675,0.16312134965394398,0.16195925137932896,0.08376822846108666
2.5825825825825826,0.17125811990324658,0.1702289291060715,0.08258120035402615
2.5975975975975976,0.17958387114743932,0.17870023075213345,0.08138979359350917
2.6126126126126126,0.18807054470701065,0.1873444376734292,0.08020827258591054
2.6276276276276276,0.19669044286872403,0.1961326452170015,0.07904922956513126
2.6426426426426426,0.20541609701814706,0.20503569824850346,0.07792301102072949
2.6576576576576576,0.21422009465791395,0.2140241008406529,0.07683728930533128
2.6726726726726726,0.2230748829024317,0.22306791242242924,0.075796833001888
2.6876876876876876,0.23195256649077606,0.23213664327008532,0.07480351246672444
2.7027027027027026,0.24082471791337254,0.2411991621309173,0.07385655250917522
2.7177177177177176,0.24966221597918406,0.2502236280430883,0.07295301575623801
2.7327327327327327,0.2584351271433728,0.2591774571060642,0.07208847237144417
2.7477477477477477,0.2671126412692252,0.2680273331381119,0.07125778904542074
2.7627627627627627,0.275663070332534,0.2767392689135298,0.07045595612883224
2.7777777777777777,0.2840539150412713,0.2852787220985646,0.06967886821912762
2.7927927927927927,0.2922520006216107,0.29361076721236096,0.06892398024172808
2.8078078078078077,0.3002236793261946,0.30170032205731206,0.06819077628531331
2.8228228228228227,0.3079350937820859,0.3095124242410427,0.0674810094675726
2.8378378378378377,0.3153524923407256,0.317012550814901,0.06679869505113513
2.8528528528528527,0.3224425853182128,0.3241669718517113,0.066149863336351
2.8678678678678677,0.3291729295657226,0.33094312713827384,0.06554210145054144
2.8828828828828827,0.3355123282583232,0.3373100141948955,0.0649839323698501
2.8978978978978978,0.3414312331245185,0.34323857563417054,0.06448409393294567
2.9129129129129128,0.3469021374659645,0.34870207444873835,0.06405078895993255
2.9279279279279278,0.35189995007638547,0.35367644711604035,0.06369097882251044
2.942942942942943,0.3564023423533544,0.3581406263027552,0.06340978638401722
2.957957957957958,0.3603900632780619,0.3620768272635809,0.06321006051285791
2.972972972972973,0.36384721929346464,0.36547079454476045,0.06309213494902013
2.987987987987988,0.36676151824372477,0.36831200809709874,0.06305379192676748
3.003003003003003,0.3691244782929511,0.37059385016221436,0.063090419091958
3.018018018018018,0.37093160401313385,0.37231373613509533,0.06319533026477092
3.033033033033033,0.372182532563733,0.3734732138842553,0.06336020889316824
3.048048048048048,0.37288115306685055,0.3740780366361182,0.06357562849536806
3.063063063063063,0.3730357019380847,0.3741382144626083,0.06383160628305365
3.078078078078078,0.37265883611822254,0.37366804865984005,0.06411815259874266
3.093093093093093,0.3717676849408729,0.3726861519265787,0.06442578741261623
3.108108108108108,0.3703838798587885,0.3712154553406461,0.06474600371990445
3.123123123123123,0.3685335595431525,0.3692832008235951,0.06507166472493753
3.138138138138138,0.36624734608490617,0.36692091524609727,0.06539732647978068
3.153153153153153,0.3635602862966596,0.36416435975466244,0.06571948020186323
3.168168168168168,0.3605117505803184,0.3610534455132107,0.06603670940169233
3.183183183183183,0.3571452806393959,0.357632105082621,0.06634975706772858
3.198198198198198,0.35350837662730095,0.3539481073394781,0.066661498393174215
3.2132132132132134,0.3496522142752898,0.350052803375508,0.06697681567483427
3.2282282282282284,0.34563128325518905,0.3460007913956644,0.06730237459943228
3.2432432432432434,0.3415029395818056,0.34184949035653894,0.06764630535225827
3.2582582582582584,0.33732686727281586,0.3376586149838986,0.06801779764957543
3.2732732732732734,0.33316444771540293,0.33348954880321696,0.06842662534207569
3.2882882882882885,0.32907803911844247,0.32940461672565485,0.06888262277395485
3.3033033033033035,0.32513017285945217,0.3254662642652562,0.06939514053593547
3.3183183183183185,0.32138267820362665,0.321736156247238,0.06997251156317165
3.3333333333333335,0.31789575146881877,0.3182742134754446,0.0706215589062616
3.3483483483483485,0.31472698990805825,0.3151376108227038,0.07134717364118517
3.3633633633633635,0.31193041406796745,0.3123797641923466,0.07215198559613809
3.3783783783783785,0.309555504893569,0.3100493364574438,0.0730361417598296
3.3933933933933935,0.3076462831999812,0.3081892936210089,0.07399719867554626
3.4084084084084085,0.30624045922721227,0.30683604199988773,0.07503012714996364
3.4234234234234235,0.3053686788446778,0.3060186753017782,0.07612742126524241
3.4384384384384385,0.30505389068032873,0.30575835724374834,0.07727929951653822
3.4534534534534536,0.30531085519381285,0.3060678611404625,0.0784739838806583
3.4684684684684686,0.30614581271988606,0.30695128299733754,0.07969804228757235
3.4834834834834836,0.30755632302038904,0.3084039393934743,0.08093678062541257
3.4984984984984986,0.3095312841308015,0.31041245609564544,0.08217467137897898
3.5135135135135136,0.31205113346488134,0.31295504809424124,0.08339580676452445
3.5285285285285286,0.31508822939214115,0.3160019866958312,0.08458436448560025
3.5435435435435436,0.3186074069171864,0.3195162444710102,0.08572507389682375
3.5585585585585586,0.3225666967086315,0.32345430421816107,0.08680366945220216
3.5735735735735736,0.3269181925555787,0.32776711362776706,0.0878073169264888
3.5885885885885886,0.33160904836407634,0.33240116300473005,0.08872499617518638
3.6036036036036037,0.33658258204334435,0.3372996592666837,0.08954782236452083
3.6186186186186187,0.34177946009616256,0.34240376559223806,0.09026928602177683
3.6336336336336337,0.34713893348390606,0.3476538727212807,0.09088539148753715
3.6486486486486487,0.352600092496265,0.352990865240644,0.09139467414625482
3.6636636636636637,0.3581031060784347,0.35835734448022344,0.09179808002446364
3.6786786786786787,0.36359040955350824,0.36369876914902904,0.0920986977457601
3.6936936936936937,0.369007804147824,0.3689644757734377,0.09230134284105247
3.7087087087087087,0.37430543240764047,0.374108543516115,0.09241200783280133
3.7237237237237237,0.37943859568896066,0.3790904721313463,0.09243720731452937
3.7387387387387387,0.38436838356160896,0.3838756476414328,0.09238326351827388
3.7537537537537538,0.3890620902704771,0.38843557769604065,0.09225559197283591
3.7687687687687688,0.3934934003192129,0.39274788729992566,0.09205805588020123
3.7837837837837838,0.39764233364557416,0.3967960753595183,0.09179245919064845
3.798798798798799,0.40149495047662065,0.40056904289761713,0.09145824050317056
3.813813813813814,0.4050428263898197,0.4040604143134861,0.0910524129485316
3.828828828828829,0.4082823188469234,0.4072676831391579,0.09056977106260594
3.843843843843844,0.41121365689603917,0.4101912227286178,0.09000335782008144
3.858858858858859,0.4138398951757047,0.41283320957677805,0.08934515776822695
3.873873873873874,0.41616578110992275,0.4151965119131387,0.08858695967305333
3.888888888888889,0.41819658960823847,0.41728359837990475,0.08772131723997517
3.903903903903904,0.4199369821469598,0.41909552069477174,0.0867425305951141
3.918918918918919,0.4213899464554197,0.42063102015613507,0.08564757387123213
3.933933933933934,0.4225558690548826,0.42188580087870853,0.08443690362621392
3.948948948948949,0.4234317857673163,0.422852003219806,0.08311509636335598
3.963963963963964,0.4240108454864845,0.42351789966847925,0.08169127841787177
3.978978978978979,0.42428201070655275,0.423867823378447,0.08017932557986829
3.993993993993994,0.42423000545366696,0.4238823274559292,0.07859782137438105
4.009009009009009,0.4238355083851217,0.4235385619560215,0.07696977109577344
4.024024024024024,0.42307557691662134,0.4228108460581943,0.07532207362037326
4.039039039039039,0.421924278186638,0.4216714056414783,0.07368475582542769
4.054054054054054,0.4203534951112376,0.42009124177237656,0.07208997726709579
4.069069069069069,0.41833387106485387,0.4180410935011515,0.07057081861249935
4.084084084084084,0.41583585485722036,0.4154924586394002,0.06915987949281723
4.099099099099099,0.41283080837215635,0.41241863846888555,0.06788773244505197
4.114114114114114,0.4092921419516571,0.40879577607535494,0.0667813094123472
4.129129129129129,0.4051964466512061,0.4046038626087251,0.06586233152746745
4.1441441441441444,0.40052459710453014,0.3998276906376585,0.065145922214376
4.1591591591591595,0.39526280320332685,0.39445773834484676,0.06463955532435132
4.1741741741741745,0.3894035925290266,0.3884909721557831,0.06434247290873671
4.1891891891891895,0.3829467080612399,0.3819315582006711,0.06424565795358181
4.2042042042042045,0.3758999069398308,0.37479147461998175,0.06433237447672596
4.2192192192192195,0.36827964600474117,0.36709101713661413,0.0645792095558315
4.2342342342342345,0.36011163871745194,0.3588591896737703,0.06495749050670958
4.2492492492492495,0.3514312662891773,0.3501339703657747,0.06543492025428609
4.2642642642642645,0.3422838239374956,0.3409624414580466,0.06597727740197101
4.2792792792792795,0.33272458176590314,0.331400769760514,0.0665500559140267
4.2942942942942945,0.32281863941521066,0.3215140229776547,0.0671199586731935
4.3093093093093096,0.3126405549153817,0.3113758068532149,0.06765619661479276
4.324324324324325,0.3022737314892288,0.30106770905451147,0.0681315728442949
4.33933933933934,0.2918095516578371,0.2906785384027664,0.06852334688000086
4.354354354354355,0.28134625587210976,0.2803033526196278,0.06881387971278247
4.36936936936937,0.27098757278486324,0.2700422742215063,0.06899105943778742
4.384384384384385,0.26084111965883056,0.25999910237076485,0.06904850373930266
4.3993993993994,0.25101660351612126,0.25027973799712366,0.06898553279824399
4.414414414414415,0.24162386553505308,0.24099044974896605,0.06880690658498052
4.42942942942943,0.23277082186279013,0.23223601857648582,0.06852232540123719
4.444444444444445,0.22456136243023275,0.2241178081388064,0.06814570250235108
4.45945945945946,0.21709327466077344,0.21673181589435958,0.06769423241543321
4.474474474474475,0.2104562605367833,0.21016676487655891,0.06718729704581557
4.48948948948949,0.20473011303815197,0.20450229813730136,0.06664527171568732
4.504504504504505,0.19998311158308096,0.19980733626889965,0.06608831175236443
4.51951951951952,0.19627068624238522,0.19613865320856352,0.0655352131739903
4.534534534534535,0.19363438794576207,0.19353971694209823,0.06500244427930013
4.54954954954955,0.19210118766245163,0.19203983033221644,0.06450343533384065
4.564564564564565,0.19168311274148075,0.19165359395052636,0.06404819005864008
4.57957957957958,0.19237721434549962,0.19238069852410652,0.06364324741223962
4.594594594594595,0.19416584718377536,0.19420604052378354,0.06329198052685428
4.60960960960961,0.19701723229918233,0.19710014157917238,0.06299517894109403
4.624624624624625,0.2008862659697083,0.2010198416986203,0.0627518277714241
4.63963963963964,0.20571553303215262,0.20590922833728348,0.06255997837912726
4.654654654654655,0.21143648103530405,0.21170075851662307,0.06241760126259276
4.66966966966967,0.2179707122657701,0.2183165294482949,0.062323321888962675
4.684684684684685,0.2252313533830668,0.22566965414905463,0.06227696039012819
4.6996996996997,0.23312446658261876,0.23366570180960258,0.062279822319392816
4.714714714714715,0.24155047128532944,0.2422041675109464,0.062334716469849547
4.72972972972973,0.2504055507775099,0.25117994152958495,0.06244570467762195
4.744744744744745,0.25958302352526774,0.26048475424486117,0.06261761599964984
4.75975975975976,0.2689746637038885,0.2700085779853728,0.0628553822603302
4.774774774774775,0.27847195958073934,0.2796409716248578,0.0631632718380338
4.78978978978979,0.28796730165761314,0.28927235715355426,0.06354411121039903
4.804804804804805,0.29735509491319123,0.2987952197897883,0.06399858653081023
4.81981981981982,0.3065327911748855,0.30810522460071676,0.06452470853663747
4.834834834834835,0.3154018387404818,0.31710224332974124,0.06511750349570404
4.84984984984985,0.3238685470457184,0.32569128550291054,0.06576896333666421
4.864864864864865,0.33184486462150564,0.3337833282366154,0.06646825449423366
4.87987987987988,0.3392490689717103,0.3412960397794112,0.06720215328803818
4.894894894894895,0.34600636745789287,0.3481543928931869,0.06795565118806642
4.90990990990991,0.3520494088784648,0.35429116580468045,0.06871265943509851
4.924924924924925,0.3573187061979686,0.35964733061007154,0.06945673990592778
4.93993993993994,0.36176297178673955,0.3641723315545158,0.07017179625643218
4.954954954954955,0.3653393674991773,0.36782425830837057,0.07084267324729336
4.96996996996997,0.36801367285096026,0.37056992194278937,0.07145562938924803
4.984984984984985,0.3697603753437045,0.37238484347793516,0.0719986656896309
5,0.37056268753171245,0.3732531663771812,0.07246170921876427
5.015015015015015,0.37041249565642004,0.37316750499861295,0.07283666320787323
5.03003003003003,0.36931024455346045,0.3721287406956818,0.07311734493762387
5.045045045045045,0.36726476307062433,0.3701457759964605,0.07329933878383459
5.06006006006006,0.3642930334697671,0.36723525520914735,0.07337979475885299
5.075075075075075,0.36041990730630125,0.36342125711735834,0.07335720317204293
5.09009009009009,0.3556777691974948,0.35873496242666914,0.07323117412618825
5.105105105105105,0.35010614883242924,0.35321429562214934,0.07300224695686676
5.12012012012012,0.34375128067198646,0.3469035382116451,0.07267174986304806
5.135135135135135,0.3366656101580237,0.3398529082428653,0.07224172427518487
5.15015015015015,0.32890724499977736,0.3321180997128936,0.07171492231108305
5.165165165165165,0.3205393503094233,0.3237597751745552,0.07109487926717392
5.18018018018018,0.31162948706381605,0.31484300553303673,0.07038605670635434
5.195195195195195,0.3022488945886133,0.30543665267693615,0.06959404549387836
5.21021021021021,0.29247171947373646,0.2956126930796665,0.0687258122066275
5.225225225225225,0.28237419548172915,0.2854454836552516,0.06778996676956503
5.24024024024024,0.2720337815189417,0.27501097472920205,0.06679702402402367
5.255255255255255,0.26152826749095726,0.2643858787404076,0.0657596273233666
5.27027027027027,0.25093486072059773,0.25364680697205083,0.06469269843161675
5.285285285285285,0.2403292684100804,0.24286938998153335,0.0636134754625443
5.3003003003003,0.22978479420254827,0.23212740025172837,0.06254140020588263
5.315315315315315,0.2193714690552625,0.22149189774348466,0.06149781928207476
5.33033033033033,0.20915523818655443,0.21103042035519307,0.06050547193313508
5.345345345345345,0.19919722661586228,0.20080624168992126,0.059587752829571676
5.36036036036036,0.18955310561169827,0.19087771793037558,0.05876776240902708
5.375375375375375,0.18027258105613153,0.1812977439962393,0.058067189552312576
5.39039039039039,0.17139902222910453,0.17211333650830515,0.05750510830541313
5.405405405405405,0.1629692457719182,0.1633653574422198,0.057096804406246565
5.42042042042042,0.15501346463848006,0.15508838778948103,0.05685276802812207
5.435435435435435,0.14755540580124332,0.14731075516310138,0.05677798596486067
5.45045045045045,0.14061259355425187,0.14005471324735352,0.05687163398985826
5.465465465465465,0.13419678775160465,0.13333676451021106,0.057127212035898774
5.48048048048048,0.12831455862908614,0.12716811095324682,0.057533094584218056
5.495495495495495,0.12296797244782612,0.12155521121325757,0.05807340489419364
5.51051051051051,0.11815535558921586,0.11650041645861729,0.0587290808947762
5.525525525525525,0.11387209945027756,0.11200265268670252,0.05947899058582484
5.54054054054054,0.11011146503634091,0.10805811367780883,0.06030097318836075
5.555555555555555,0.10686534493816323,0.10466092740570444,0.06117271913212577
5.57057057057057,0.10412494169547602,0.10180375945951406,0.06207244508630636
5.585585585585585,0.10188132549401338,0.0994783201598834,0.06297935952031175
5.6006006006006,0.1001258406189915,0.09767574752441385,0.06387394375438794
5.615615615615615,0.09885033878147508,0.09638684580678687,0.06473809118300615
5.63063063063063,0.09804722783257928,0.0956021685437397,0.0655551541977636
5.645645645645645,0.09770933581030487,0.095311945262508,0.06630994661783282
5.66066066066066,0.0978296019479678,0.09550586148472509,0.06698874190114765
5.675675675675675,0.09840061740107336,0.09617271163324298,0.06757929664495317
5.6906906906906904,0.09941404825022318,0.09729995317501618,0.06807091703896824
5.7057057057057055,0.1008599811461589,0.09887319720222958,0.06845457461623161
5.7207207207207205,0.10272623727195758,0.10087567521835956,0.06872306790823988
5.7357357357357355,0.10499770278874782,0.10328772390057882,0.0688712189874556
5.7507507507507505,0.10765572348794265,0.10608632899234254,0.06889608847047128
5.7657657657657655,0.11067760807072843,0.10924476635274485,0.06879718913687997
5.7807807807807805,0.11403627856222594,0.11273237281156318,0.06857667648611879
5.7957957957957955,0.11770009823374222,0.11651447222398302,0.06823949385784839
5.8108108108108105,0.12163289755271992,0.12055247344280581,0.06779344981603676
5.8258258258258255,0.12579420768639296,0.12480414733970929,0.06724920616475304
5.8408408408408405,0.1301396995811607,0.12922408005396557,0.06662015630259685
5.8558558558558556,0.13462181527607717,0.13376428988044212,0.06592217599584725
5.870870870870871,0.13919056752844342,0.13837498617056462,0.06517323268555637
5.885885885885886,0.14379447463658343,0.14300544081593394,0.06439284594266796
5.900900900900901,0.14838159007084945,0.14760493675586503,0.06360140143432612
5.915915915915916,0.1529005815927158,0.15212375384479723,0.06281933422373104
5.930930930930931,0.15730181223631773,0.15651415055851203,0.06206621410555821
5.945945945945946,0.16153837596305887,0.1607313004906329,0.06135978449680645
5.960960960960961,0.1655670439120502,0.1647341453193911,0.06071502422147584
5.975975975975976,0.16934908271092697,0.16848613068501117,0.06014331415324197
5.990990990990991,0.17285091387456564,0.17195579785539097,0.05965179354904339
6.006006006006006,0.17604459236791162,0.17511721172042188,0.059242980603961506
6.021021021021021,0.17890809232824742,0.17795021403808794,0.05891470768720114
6.036036036036036,0.18142539809071173,0.18044049944598226,0.05866038708747789
6.051051051051051,0.1835864084251019,0.18257952007301376,0.05846958448721592
6.066066066066066,0.1853866707322414,0.18436423222923098,0.05832884283019945
6.081081081081081,0.1868269694326524,0.18579670529695907,0.058222675569873504
6.096096096096096,0.18791279860458407,0.18688361836881776,0.05813463895634041
6.111111111111111,0.18865375292015604,0.18763567424147556,0.058048397474878125
6.126126126126126,0.1890628730387807,0.1880669630163711,0.057948711071792974
6.141141141141141,0.18915598190356844,0.18819430877399773,0.05782229230486229
6.156156156156156,0.18895104699018858,0.1880366326089273,0.057658501319604795
6.171171171171171,0.18846760067927573,0.18761436379598692,0.05744986332208863
6.186186186186186,0.18772624680062183,0.18694892808035254,0.05719240547956078
6.201201201201201,0.1867482762858102,0.18606233814148188,0.05688581786995413
6.216216216216216,0.18555540902399073,0.18497690629319954,0.0565334470860161
6.231231231231231,0.18416967269302253,0.18371509360204777,0.05614213267545913
6.246246246246246,0.18261342276830062,0.18229950302307352,0.05572189714259804
6.261261261261261,0.18090950130522276,0.18075301709503372,0.05528550101058199
6.276276276276276,0.17908152563420568,0.1790990734676477,0.054847876484367696
6.291291291291291,0.17715429195895094,0.17736206433598178,0.05442545728456253
6.306306306306306,0.1751542731442597,0.17556783902055118,0.05403542851160203
6.321321321321321,0.17311018483317173,0.1737442827320194,0.05369492858247149
6.336336336336336,0.17105358954423466,0.17192193924123889,0.053420244180971486
6.351351351351351,0.1690195046618679,0.17013464093984276,0.053226046754712056
6.366366366366366,0.16704697734240426,0.1684201067748516,0.05312472277585144
6.381381381381381,0.16517958742330058,0.16682046687599636,0.053125847233274855
6.396396396396396,0.16346583856829053,0.16538267243029697,0.05323583913982426
6.411411411411412,0.1619593982508719,0.16415875053166823,0.0534578196360517
6.426426426426427,0.16071914893123224,0.16320586636748804,0.053791670257786875
6.441441441441442,0.1598090160794389,0.16258615921944308,0.054234265613799286
6.456456456456457,0.1592975436878972,0.16236632437318885,0.05477983611156661
6.471471471471472,0.15925719470695504,0.16261692016553866,0.055420406434219395
6.486486486486487,0.15976336247021874,0.16341138804314104,0.05614625592980982
6.501501501501502,0.16089308959469484,0.16482478361203415,0.05694635706931292
6.516516516516517,0.1627235028653551,0.16693222809775493,0.05780876474562194
6.531531531531532,0.16532998591880202,0.169807102181021,0.05872094844119993
6.546546546546547,0.1687841256448605,0.1735190174645813,0.059670077163467714
6.561561561561562,0.17315148249262668,0.1781316143577748,0.060643280220312366
6.576576576576577,0.17848924852784454,0.18370024828678796,0.0616279131923349
6.591591591591592,0.18484386927076418,0.1902696380743932,0.06261185693717973
6.606606606606607,0.19224871513077676,0.19787156022011781,0.06358386848063576
6.621621621621622,0.20072189475082977,0.2065226797592661,0.06453398769573912
6.636636636636637,0.2102643049873237,0.21622261154403113,0.06545398515228593
6.651651651651652,0.2208580099728881,0.22695230446432135,0.06633781745209248
6.666666666666667,0.2324650344011204,0.23867283482857332,0.06718204000255194
6.681681681681682,0.2450266438321668,0.2513246836864103,0.06798611661867614
6.696696696696697,0.2584631678254016,0.26482755650660306,0.06875256315029517
6.711711711711712,0.272674400833486,0.2790807829569019,0.0694868702035727
6.726726726726727,0.2875405921774988,0.293964310618322,0.07019716845381617
6.741741741741742,0.3029240114934802,0.3093402807277082,0.07089362797010403
6.756756756756757,0.3186710514022236,0.3250551481711651,0.07158761749184281
6.771771771771772,0.33461480644547575,0.34094228376078395,0.07229068589536235
6.786786786786787,0.3505780480667268,0.35682497607083236,0.07301345981553596
6.801801801801802,0.3663765008282888,0.3725197342858572,0.07376457172423553
6.816816816816817,0.38182231597678706,0.38783978368965794,0.07454973613684884
6.831831831831832,0.3967276352362327,0.4025986421071642,0.0753710756086548
6.846846846846847,0.41090814014659965,0.4166136686835719,0.07622676489432172
6.861861861861862,0.4241864897229857,0.42970948512673185,0.07711101765916538
6.876876876876877,0.4363955606451604,0.44172118272756455,0.078014394830103
6.891891891891892,0.44738141830470673,0.4524972445520551,0.0789243764213628
6.906906906906907,0.4570059624447357,0.4619021294798823,0.07982611602430234
6.921921921921922,0.4651492064923987,0.4698184816435505,0.08070329124857895
6.936936936936937,0.47171116387415746,0.4761489439607734,0.08153897202435607
6.951951951951952,0.4766133267884344,0.48081756691739197,0.08231644669330927
6.966966966966967,0.47979973262600656,0.4837708130868125,0.08301996719342837
6.981981981981982,0.4812376203896092,0.48497816407587835,0.08363539416807662
6.996996996996997,0.48091768433291127,0.4844323400904233,0.08415073711758284
7.012012012012012,0.47885393515496727,0.48214914384729574,0.08455659242441232
7.027027027027027,0.47508318117108095,0.4781669410310787,0.08484648360969954
7.042042042042042,0.4696641437231464,0.4725457898488079,0.08501710506715608
7.057057057057057,0.4626762234325153,0.4653662333328425,0.08506846489851305
7.072072072072072,0.45421793731922006,0.4567277705436579,0.08500391658651948
7.087087087087087,0.44440505165216654,0.44674702712159226,0.084830065120812
7.102102102102102,0.4333684416946575,0.43555565180031935,0.08455653244721471
7.117117117117117,0.4212517169896065,0.4232979732617373,0.0841955707754046
7.132132132132132,0.40820865891819047,0.4101284605032555,0.08376152069197285
7.147147147147147,0.39440052516891216,0.396209038863928,0.08327012373441695
7.162162162162162,0.3799932825525938,0.3817063220031565,0.0827377147983565
7.177177177177177,0.3651548343757889,0.36678882637987303,0.08218033639900509
7.192192192192192,0.3500523105543144,0.3516242381653129,0.08161283172527592
7.207207207207207,0.3348494872695415,0.3363768022950796,0.08104798374925183
7.222222222222222,0.3197043980315667,0.3212048991390924,0.0804957708865167
7.237237237237237,0.3047671896711262,0.30625886608957104,0.0799628043433541
7.252252252252252,0.2901782655469408,0.2916791097383326,0.07945199836019545
7.267267267267267,0.2760667449321137,0.2775945401355916,0.07896250382298417
7.282282282282282,0.2625492531348244,0.26412134307814716,0.07848991138088915
7.297297297297297,0.24972904249702385,0.25136209077880084,0.07802670621678694
7.312312312312312,0.2376954310427269,0.2394051768947628,0.07756293662972051
7.327327327327327,0.2265235341137709,0.22832454982342995,0.07708704508710128
7.342342342342342,0.2162742555151444,0.21817970919086047,0.07658680417791534
7.357357357357357,0.2069944989123638,0.2090159249848453,0.07605030007599392
7.372372372372372,0.19871755762925342,0.200864636882919,0.07546691066318291
7.387387387387387,0.19146364148586245,0.1937439927378574,0.07482823186122786
7.402402402402402,0.18524050258291536,0.18765948940080485,0.07412891167730139
7.4174174174174174,0.18004412750722776,0.18260468540719405,0.07336735534686556
7.4324324324324325,0.1758594707107739,0.17856196275362185,0.07254626602016136
7.4474474474474475,0.17266121213565597,0.1755033232586378,0.07167298390912506
7.4624624624624625,0.17041453080255542,0.17339121305257513,0.07075958388853969
7.4774774774774775,0.169075894313689,0.17217937586217477,0.06982268942568173
7.4924924924924925,0.16859387130722456,0.1718137413061452,0.0688829626012256
7.5075075075075075,0.16890997913547512,0.1722333578634663,0.0679642399283566
7.5225225225225225,0.1699595817986817,0.17337138111674155,0.06709230594010018
7.5375375375375375,0.17167285296548665,0.17515612608231007,0.06629333416691857
7.5525525525525525,0.173975815487137,0.17751218791530143,0.06559207776957868
7.5675675675675675,0.17679146221016043,0.18036162829400118,0.06500995327958864
7.5825825825825826,0.18004095354071303,0.18362521592785228,0.06456321675956367
7.597597597597598,0.18364487596460388,0.18722369979596348,0.06426146285329899
7.612612612612613,0.1875245338301128,0.1910790840736628,0.06410666521186066
7.627627627627628,0.19160323569820098,0.1951158655642027,0.06409291348826018
7.642642642642643,0.1958075280996011,0.19926218912582694,0.06420689680011324
7.657657657657658,0.20006832509942057,0.2034508751494011,0.06442906248864812
7.672672672672673,0.2043218827181053,0.2076202762416571,0.06473527543444331
7.687687687687688,0.20851057339289472,0.21171492795204455,0.0650987433837487
7.702702702702703,0.21258342689702975,0.21568597003743994,0.06549196694082467
7.717717717717718,0.21649641930409294,0.21949132918067926,0.06588851061679868
7.732732732732733,0.22021250893132846,0.2230956696404063,0.0662644545897582
7.747747747747748,0.22370143565281675,0.2264701332337484,0.06659945552267159
7.762762762762763,0.2269393155198483,0.22959190270355284,0.06687740428449479
7.777777777777778,0.2299080746125946,0.23244363165694182,0.06708671160925801
7.792792792792793,0.23259477342973064,0.23501278919697555,0.06722027867194166
7.807807807807808,0.23499087555830783,0.23729096801917213,0.06727522093856572
7.822822822822823,0.23709151217181962,0.23927320155398196,0.06725241447654984
7.837837837837838,0.2388947879038359,0.2409573295271243,0.06715592811436367
7.852852852852853,0.2404011649566167,0.2423434430927277,0.06699239560830757
7.867867867867868,0.24161295212472958,0.24343343148821703,0.06677037161853638
7.882882882882883,0.2425339148357086,0.24423064285129728,0.0664997053226367
7.897897897897898,0.24316901220582265,0.2447396631003374,0.06619095675482574
7.912912912912913,0.24352425808186928,0.2449662090431597,0.06585487379823078
7.927927927927928,0.24360669543217686,0.24491712536300464,0.06550194215100481
7.942942942942943,0.2434244673930899,0.2446004698881846,0.06514201625808591
7.957957957957958,0.24298696376009168,0.2440256675391793,0.06478403573752618
7.972972972972973,0.24230501865112847,0.24320371048292186,0.064435828795579575
7.987987987987988,0.24139113336327764,0.2421473802401079,0.06410400115211976
8.003003003003004,0.24025969801270777,0.24087146676001728,0.06379390587032083
8.018018018018019,0.23892718634600604,0.23939295981912959,0.06350968617765274
8.033033033033034,0.23741230011880968,0.23773118957019476,0.06325438005060298
8.048048048048049,0.23573604263780032,0.23590789572846546,0.06303007234034216
8.063063063063064,0.23392170540516863,0.23394720875861091,0.06283807794844651
8.078078078078079,0.23199475717486742,0.23187553147155082,0.06267913841449581
8.093093093093094,0.22998263091756624,0.22972131549770933,0.06255361453740664
8.108108108108109,0.22791441088077752,0.22751473388583593,0.06246165942688569
8.123123123123124,0.22582042870861035,0.22528725817202727,0.062403359561329357
8.138138138138139,0.22373178397079385,0.22307115515943357,0.0623788356928342
8.153153153153154,0.2216798099416825,0.2208989247827255,0.062388300298884446
8.168168168168169,0.21969550960539444,0.2188027052552312,0.062432073147268806
8.183183183183184,0.21780898928078873,0.21681367474955518,0.06251056082081238
8.198198198198199,0.21604891774667975,0.21496147983318242,0.06262420922678137
8.213213213213214,0.2144420372682368,0.21327371965184838,0.0627734398334282
8.228228228228229,0.2130127496260262,0.21177551151832164,0.06295858048124227
8.243243243243244,0.21178279543322073,0.21048915841078575,0.06317980018403235
8.258258258258259,0.21077103911095094,0.2094339323536977,0.06343705465302829
8.273273273273274,0.20999336534907923,0.208625980275665,0.06373004580301728
8.288288288288289,0.20946268617997052,0.20807835126656235,0.06405819479338346
8.303303303303304,0.20918905135434535,0.20780113670266137,0.06442062480431048
8.318318318318319,0.20917984886476193,0.20780170790148114,0.06481614728246549
8.333333333333334,0.20944007745122578,0.20808503012751944,0.06524324422470665
8.348348348348349,0.20997266889379937,0.2086540271109137,0.06570003944647504
8.363363363363364,0.2107788349332912,0.2095099668959057,0.06618425374743762
8.378378378378379,0.21185841181555853,0.21065283789002429,0.0666931422737562
8.393393393393394,0.21321017478183332,0.2120816835139498,0.0672234168126279
8.408408408408409,0.21483209540837295,0.21379486495182,0.06777116068683596
8.423423423423424,0.21672151665410377,0.2157902242992953,0.06833174864956035
8.438438438438439,0.21887522395349837,0.21806512504619655,0.06889978793813695
8.453453453453454,0.22128939583777169,0.22061635343074398,0.06946909866518801
8.468468468468469,0.22395942446281664,0.22343987278784144,0.07003275136512314
8.483483483483484,0.22687960501536714,0.2265304334293407,0.07058317638170795
8.498498498498499,0.23004270299743687,0.22988105242057955,0.071112353853314
8.513513513513514,0.23343941931854717,0.2334823901116175,0.07161208474540215
8.528528528528529,0.23705778412527856,0.23732206236949227,0.07207433356380973
8.543543543543544,0.2408825202756769,0.24138393780264567,0.07249162329334251
8.558558558558559,0.24489442507406028,0.24564747642626486,0.0728574541745527
8.573573573573574,0.2490698230925083,0.25008716886769805,0.07316671154814458
8.588588588588589,0.2533801426354891,0.2546721324300534,0.0734160252627001
8.603603603603604,0.2577916631421251,0.2593659118426131,0.0736040446631008
8.618618618618619,0.2622654707007041,0.2641265188600847,0.07373159895038742
8.633633633633634,0.266757644720397,0.26890672737999727,0.07380172212178361
8.64864864864865,0.2712196821529878,0.2736546214326959,0.07381953367004851
8.663663663663664,0.2755991483931962,0.2783143745952257,0.07379197935928794
8.67867867867868,0.27984052812481974,0.2828272233399787,0.07372744923324523
8.693693693693694,0.28388623669122753,0.28713258531600017,0.07363530118494963
8.70870870870871,0.28767774427741416,0.29116926755731815,0.07352532678324164
8.723723723723724,0.291156761796194,0.29487670919598713,0.07340720077705687
8.73873873873874,0.2942664386192637,0.2981962076708213,0.0732899563069687
8.753753753753754,0.2969525272984325,0.30107208530283314,0.07318152428091561
8.76876876876877,0.2991644778893707,0.3034527628002789,0.07308836801183821
8.783783783783784,0.3008564329884439,0.3052917161349771,0.07301523393876495
8.7987987987988,0.30198810280677435,0.30654830196174293,0.0729650273470779
8.813813813813814,0.30252550652550025,0.3071884434492781,0.0729388100159441
8.82882882882883,0.30244157120699683,0.3071851726721848,0.07293590621154311
8.843843843843844,0.3017165825202586,0.30651902766652067,0.07295409570324032
8.85885885885886,0.30033848270867153,0.30517830233402543,0.07298986828395267
8.873873873873874,0.2983030111211983,0.3031591462992261,0.07303871376407234
8.88888888888889,0.2956136819692567,0.30046551040374253,0.07309542409840099
8.903903903903904,0.2922815935579245,0.2971089325883631,0.07315438924510305
8.91891891891892,0.28832506382722217,0.2931081591905276,0.07320987435048065
8.933933933933934,0.2837690892417743,0.28848859871631305,0.07325627171060872
8.94894894894895,0.27864462827645725,0.2832816092332679,0.07328832569278614
8.963963963963964,0.2729877170679851,0.27752362669241043,0.0733013317571276
8.97897897897898,0.2668384330240925,0.271255149444423,0.07329131164704922
8.993993993993994,0.2602397317666957,0.26451960339864977,0.07325516584510695
9.00900900900901,0.2532361929096143,0.2573621218707789,0.07319080196467652
9.024024024024024,0.24587271979985514,0.24982828319258665,0.0730972345375407
9.03903903903904,0.23819324634920563,0.241962856564555,0.07297464844259385
9.054054054054054,0.23023950935433962,0.23380861142572099,0.07282441578228402
9.06906906906907,0.22204994633975075,0.22540524698488135,0.07264905503515882
9.084084084084084,0.2136587763705808,0.21678849599158573,0.07245212230422864
9.0990990990991,0.20509531430327452,0.2079894501929404,0.07223802771628628
9.114114114114114,0.19638355786589676,0.1990341445079955,0.0720117755002224
9.12912912912913,0.187542072524688,0.18994342343708973,0.07177863365802484
9.144144144144144,0.17858418239711238,0.18073309761540077,0.07154374777474858
9.15915915915916,0.16951845784046246,0.17141438193353242,0.07131172239385064
9.174174174174174,0.16034947317440135,0.1619945905678581,0.07108620124481475
9.18918918918919,0.15107879259079368,0.15247804979978688,0.07086948306600212
9.204204204204204,0.1417061297440566,0.1428671776675257,0.07066221155312255
9.21921921921922,0.13223061756025925,0.13316367100901888,0.07046317523179706
9.234234234234235,0.12265211985195314,0.12336973570981355,0.07026924563228415
9.24924924924925,0.11297251542288379,0.1134892950207337,0.0700754706930688
9.264264264264265,0.1031968882305779,0.10352911341984979,0.0698753262643849
9.27927927927928,0.09333456335125319,0.09349977919642492,0.06966111384510709
9.294294294294295,0.08339993731815983,0.08341649711875848,0.0694244792647773
9.30930930930931,0.0734130621717345,0.07329965253249705,0.06915701655580664
9.324324324324325,0.06339995455840476,0.06317511934136412,0.06885091471669899
9.33933933933934,0.0533926137846342,0.05307429592194412,0.06849960263626359
9.354354354354355,0.04342874529343686,0.04303386457809758,0.06809834864996235
9.36936936936937,0.033551198094675334,0.033095281210366874,0.0676447751281969
9.384384384384385,0.02380713585472991,0.02330401212546491,0.06713925412148519
9.3993993993994,0.014246971330471023,0.0137085440982874,0.06658515651376655
9.414414414414415,0.004923102390884917,0.004359201760884777,0.06598893378317358
9.42942942942943,-0.004111505148842535,-0.0046931869699415995,0.06536001816367884
9.444444444444445,-0.012804837345466528,-0.013398731453323405,0.06471053397064673
9.45945945945946,-0.021107400461850896,-0.021709975030588996,0.06405482065596321
9.474474474474475,-0.02897378178012828,-0.02958339554968622,0.06340877751485405
9.48948948948949,-0.03636414660691258,-0.03698085626178302,0.06278905149388048
9.504504504504505,-0.04324561650794665,-0.043870953872707424,0.062212103393058
9.51951951951952,-0.0495934766194541,-0.050230212100545145,0.061693203175976284
9.534534534534535,-0.055392164096447136,-0.05604407201595074,0.06124542017058968
9.54954954954955,-0.060635995315969846,-0.061307634773610876,0.06087868556336776
9.564564564564565,-0.06532959633487259,-0.06602611816942645,0.060599009062752146
9.57957957957958,-0.06948800932701475,-0.07021499589725771,0.06040792576502233
9.594594594594595,-0.07313645734191077,-0.07389979756030601,0.06030223183367194
9.60960960960961,-0.07630976078035022,-0.07711555851414091,0.060274040243730787
9.624624624624625,-0.07905141146150496,-0.07990592149069534,0.0603111550729584
9.63963963963964,-0.08141232392621253,-0.08232190652237961,0.06039773081485947
9.654654654654655,-0.083449298351753,-0.08442038156064494,0.060515157763122863
9.66966966966967,-0.08522324455506597,-0.08626228266970347,0.06064309931593579
9.684684684684685,-0.08679723115495123,-0.08791064875122578,0.060760602718710005
9.6996996996997,-0.08823443690143724,-0.08942855010068305,0.060847209376420686
9.714714714714715,-0.08959609113212132,-0.09087700120069113,0.060884001158175334
9.72972972972973,-0.09093949592398819,-0.09231295450114936,0.06085453183483881
9.744744744744745,-0.09231622260048278,-0.09378747222786459,0.06074560558636698
9.75975975975976,-0.09377056906551719,-0.09534416669260262,0.060547876194648
9.774774774774775,-0.09533835182390694,-0.09701798604505578,0.06025625082210617
9.78978978978979,-0.09704608811136187,-0.09883440264082007,0.05987009136096297
9.804804804804805,-0.0989106006505404,-0.1008090367522659,0.059393214492458234
9.81981981981982,-0.10093905215247025,-0.10294772143399768,0.05883369894317763
9.834834834834835,-0.10312939114802784,-0.10524698754723219,0.05820351491889064
9.84984984984985,-0.10547116745582003,-0.10769492381119024,0.05751799622545087
9.864864864864865,-0.10794665665761818,-0.11027234745836624,0.05679518013676939
9.87987987987988,-0.11053221984869495,-0.11295420810746976,0.056055043834970474
9.894894894894895,-0.11319981836839146,-0.11571114145768605,0.05531866963006669
9.90990990990991,-0.11591860309029554,-0.11851109010667281,0.054607374633480546
9.924924924924925,-0.11865650333858349,-0.12132091522312216,0.053941844371379305
9.93993993993994,-0.12138175025887107,-0.12410793348259108,0.0533413137091387
9.954954954954955,-0.124064281909325,-0.12684132689902236,0.052822841385683605
9.96996996996997,-0.12667699084520143,-0.12949338729097784,0.052400724672363105
9.984984984984985,-0.1291967881452936,-0.13204057069661979,0.0520860961327933
10,-0.13160546961299632,-0.1344643490581031,0.051886733627052206
10.015015015015015,-0.13389037962364028,-0.13675185632232364,0.051807097415650774
10.03003003003003,-0.13604487552621858,-0.13889633354163516,0.05184858622621012
10.045045045045045,-0.13806860072137886,-0.14089738272686622,0.052009980915405776
10.06006006006006,-0.13996757785445363,-0.1427610424601398,0.05228802411545624
10.075075075075075,-0.1417541354523395,-0.14449970009814872,0.05267807065116881
10.09009009009009,-0.143446682312349,-0.14613185629878606,0.053174738552292385
10.105105105105105,-0.14506934449892622,-0.14768175804577657,0.05377249416495135
10.12012012012012,-0.14665148029964278,-0.14917891667885966,0.05446611560371841
10.135135135135135,-0.1482270891749316,-0.15065752787033107,0.055250994272914904
10.15015015015015,-0.14983413169010007,-0.1521558110787536,0.056123252182529934
10.165165165165165,-0.15151377857619794,-0.15371528667280993,0.05707967153770624
10.18018018018018,-0.15330960823600512,-0.15538000945786737,0.058117451309247586
10.195195195195195,-0.15526677291652438,-0.1571957774952522,0.059233822111975434
10.21021021021021,-0.1574311541026916,-0.1592093346100955,0.06042556456484007
10.225225225225225,-0.1598485271672455,-0.1614675836151368,0.06168848606087222
10.24024024024024,-0.16256375373768497,-0.16401682491040698,0.06301691525076238
10.255255255255255,-0.16562001753578198,-0.16690203176327542,0.06440327167827607
10.27027027027027,-0.16905811568100299,-0.17016616939506915,0.0658377598609866
10.285285285285285,-0.17291581285479535,-0.17384956031419183,0.06730822368458389
10.3003003003003,-0.17722726066472524,-0.17798929357890542,0.06880018020089766
10.315315315315315,-0.18202247949488234,-0.1826186713606807,0.07029703423094198
10.33033033033033,-0.187326895602723,-0.18776668284628623,0.07178045896023036
10.345345345345345,-0.19316092273903054,-0.1934574936576264,0.07323091478615466
10.36036036036036,-0.19953957558313926,-0.19970993897787165,0.07462826998262007
10.375375375375375,-0.20647210214733663,-0.20653701069805175,0.07595248235944503
10.39039039039039,-0.21396162421307763,-0.21394533320283188,0.07718430043830261
10.405405405405405,-0.22200477884496395,-0.2219346287518077,0.07830594484935474
10.42042042042042,-0.23059135992638033,-0.2304971814181789,0.07930173477195145
10.435435435435435,-0.23970396611956177,-0.23961731763758595,0.08015862959783027
10.45045045045045,-0.24931767012908168,-0.2492709308138535,0.08086666215960119
10.465465465465465,-0.2593997329197782,-0.2594250861781966,0.0814192466433188
10.48048048048048,-0.26990939473480446,-0.2700377491497151,0.08181335159802067
10.495495495495495,-0.2807977813956201,-0.2810576847191907,0.08204953612369763
10.51051051051051,-0.29200796842279836,-0.2924245758815375,0.082131855036919
10.525525525525525,-0.3034752460305944,-0.3040694050953314,0.08206764600873898
10.54054054054054,-0.31512762423537277,-0.31591513372378155,0.08186721756070994
10.555555555555555,-0.3268866087140435,-0.3278777004626988,0.08154346054635944
10.57057057057057,-0.3386682646483313,-0.3398673415096953,0.08111140666607793
10.585585585585585,-0.3503845681566314,-0.3517902138944519,0.08058775543805663
10.6006006006006,-0.3619450242272164,-0.3635502807315315,0.07999038631819991
10.615615615615615,-0.37325850808017913,-0.37505139532079135,0.07933786650615504
10.63063063063063,-0.3842352657843103,-0.3861995022980721,0.07864895915310699
10.645645645645645,-0.3947889921009925,-0.39690486056933466,0.07794213314441134
10.66066066066066,-0.40483889113594584,-0.4070841862179198,0.07723507592144137
10.675675675675675,-0.4143116201786726,-0.4166626148984387,0.07654421550086578
10.69069069069069,-0.4231430200397648,-0.4255753924649556,0.07588426611715156
10.705705705705705,-0.43127954622794584,-0.4337692188436468,0.07526782150435916
10.72072072072072,-0.43867933341327087,-0.44120319176727785,0.07470502754315808
10.735735735735735,-0.44531284891402245,-0.44784932170666175,0.07420336858096427
10.75075075075075,-0.45116311696531475,-0.4536926147088333,0.07376759698692326
10.765765765765765,-0.4562255216202134,-0.4587307435533924,0.07339982315955024
10.78078078078078,-0.46050721982575926,-0.4629733477558815,0.07309976521782637
10.795795795795796,-0.46402621553853984,-0.46644101818304506,0.07286513767636708
10.81081081081081,-0.46681015944158427,-0.4691640317929803,0.07269214086604928
10.825825825825826,-0.4688949464227956,-0.4711809063203834,0.07257600136406095
10.84084084084084,-0.47032318472439655,-0.4725368441683512,0.07251151019849852
10.855855855855856,-0.471142607388058,-0.47328213027304333,0.07249351000028223
10.87087087087087,-0.4714044894741856,-0.4734705413762083,0.07251729278652475
10.885885885885886,-0.47116212483951186,-0.4731578150810315,0.07257888394665413
10.9009009009009,-0.47046940528147796,-0.4724002172724899,0.07267520248222047
10.915915915915916,-0.46937953368459273,-0.471253236758322,0.07280410043901289
10.93093093093093,-0.46794389225577754,-0.46977042691460036,0.0729642944839471
10.945945945945946,-0.4662110775515256,-0.4680024060691337,0.07315520931731263
10.96096096096096,-0.46422610605466585,-0.4659960215075447,0.07337675632190438
10.975975975975976,-0.46202978761369645,-0.4637936763753995,0.07362907213271785
10.99099099099099,-0.45965825902281227,-0.46143281430623334,0.07391224134595102
11.006006006006006,-0.45714266622101607,-0.4589455531987914,0.07422602596138758
11.02102102102102,-0.45450898082159047,-0.45635845703740696,0.07456962178285265
11.036036036036036,-0.45177793476493805,-0.45369243283616656,0.07494145913250451
11.05105105105105,-0.44896505568008677,-0.450962738546347,0.0753390619914846
11.066066066066066,-0.44608078496298004,-0.44817908698414255,0.0757589761309738
11.08108108108108,-0.44313066060486195,-0.44534583043569026,0.07619677300895764
11.096096096096096,-0.44011554743930653,-0.4424622105417277,0.07664713226708227
11.11111111111111,-0.4370318987394536,-0.4395226583536336,0.07710400168204153
11.126126126126126,-0.4338720349885367,-0.4365171301116279,0.07756082952999718
11.14114114114114,-0.4306244281265418,-0.4334314653630215,0.07801086062345174
11.156156156156156,-0.42727398254700705,-0.4302477555465906,0.07844748386614939
11.17117117117117,-0.4238023074228128,-0.42694471312601195,0.07886461610446006
11.186186186186186,-0.42018797836744587,-0.4234980337245519,0.07925710437788984
11.2012012012012,-0.41640678974373524,-0.419880746402662,0.07962112643303886
11.216216216216216,-0.4124320018623242,-0.41606355007910656,0.07995456763362266
11.23123123123123,-0.40823458963509673,-0.412015136925193,0.08025735128510098
11.246246246246246,-0.4037835007802768,-0.40770250613312653,0.08053169906278733
11.26126126126126,-0.399045932301384,-0.40309127354762564,0.08078229891669207
11.276276276276276,-0.39398763364901107,-0.39814598406239593,0.08101635981612262
11.29129129129129,-0.3885732437756516,-0.3928304342907828,0.0812435363297
11.306306306306306,-0.3827666673421926,-0.38710801277717644,0.08147571165426584
11.32132132132132,-0.37653149282933707,-0.38094206396938146,0.08172663557450571
11.336336336336336,-0.3698314524938341,-0.37429628045702795,0.08201142401023423
11.35135135135135,-0.3626309212574084,-0.3671351258040748,0.08234593896316954
11.366366366366366,-0.3548954489930196,-0.35942428791796954,0.08274608092493492
11.381381381381381,-0.3465923185189643,-0.3511311605733922,0.08322703861390955
11.396396396396396,-0.33769112011549623,-0.3422253486968701,0.08380255115787176
11.411411411411411,-0.32816433265944034,-0.33267919152383363,0.08448424317869371
11.426426426426426,-0.317987901562064,-0.3224682968911276,0.0852810916437113
11.441441441441441,-0.30714180453425444,-0.3115720797611939,0.08619907381066613
11.456456456456456,-0.2956105976391687,-0.29997429852227997,0.08724102862296941
11.471471471471471,-0.2833839358952627,-0.2876635835054716,0.08840674166599904
11.486486486486486,-0.2704570645721362,-0.2746339532533611,0.08969323965493003
11.501501501501501,-0.25683127895892327,-0.260885315059251,0.09109525815720193
11.516516516516516,-0.2425143514665218,-0.24642394684426852,0.09260582906111131
11.531531531531531,-0.22752092518086656,-0.2312629572536136,0.09421692412735548
11.546546546546546,-0.21187287222517717,-0.21542271970819296,0.09592008826413552
11.561561561561561,-0.19559961343805132,-0.19893127393901855,0.0977070001879005
11.576576576576576,-0.17873839299161018,-0.1818246853087709,0.09956990742405877
11.591591591591591,-0.16133449787023652,-0.1641473482133919,0.1015018955827533
11.606606606606606,-0.1434414079653595,-0.1459522154590978,0.10349696716080138
11.621621621621621,-0.1251208584082402,-0.12730093128534392,0.10554992174981594
11.636636636636636,-0.1064427922529527,-0.10826384232062028,0.10765604666361044
11.651651651651651,-0.08748517937684601,-0.0889198589257642,0.1098106438175868
11.666666666666666,-0.06833367710873714,-0.06935613976285229,0.1120084341754207
11.681681681681681,-0.04908111015176122,-0.049667575546510405,0.11424289392920621
11.696696696696696,-0.029826752182697692,-0.02995605406698498,0.11650558535003544
11.711711711711711,-0.010675399165996219,-0.010329497676217863,0.11878554861764823
11.726726726726726,0.00826376532071023,0.009099323916098346,0.12106881808158912
11.741741741741741,0.02687850018342485,0.028214189268854203,0.12333811729231724
11.756756756756756,0.0450550064119799,0.04689699891351241,0.12557277266643177
11.771771771771771,0.06267955702292559,0.06502948337665745,0.12774886752017675
11.786786786786786,0.079640206394038085,0.08249499038686917,0.12983963858816486
11.801801801801801,0.09582851902376413,0.09918028805299456,0.13181609822048893
11.816816816816816,0.11114125263338931,0.1149773169845054,0.13364784900800797
11.831831831831831,0.12548193007044134,0.12978482530598884,0.13530404478094718
11.846846846846846,0.13876223892742443,0.14350982631958126,0.1367544432717759
11.861861861861861,0.15090320686223502,0.15606882868905017,0.1379704912487647
11.876876876876876,0.16183611346527216,0.16738880248962193,0.1389263823623476
11.891891891891891,0.1715031149088459,0.17740785997679487,0.13960003097206836
11.906906906906906,0.17985757403102054,0.1860756459837582,0.13997391151033517
11.921921921921921,0.1868641043985936,0.19335344797370713,0.14003572214085752
11.936936936936936,0.19249835087364767,0.19921404864759723,0.1397788431194137
11.951951951951951,0.1967465402158229,0.20364135367382577,0.1392025736864198
11.966966966966966,0.19960484266496512,0.20662983304067933,0.1383121455862914
11.981981981981981,0.2010785891112205,0.20818381669900937,0.13711852527880924
11.996996996996996,0.20118138864675097,0.20831668398888903,0.13563802935364014
12.012012012012011,0.19993418861351195,0.20704998262961188,0.13389178743104257
12.027027027027026,0.1973643145277219,0.2044125078235753,0.13190509303631884
12.042042042042041,0.19350452135099813,0.20043936635591736,0.12970668508061134
12.057057057057056,0.18839208130693932,0.1951710454068273,0.12732800065870198
12.072072072072071,0.18206792746966582,0.18865250179712337,0.12480243436951556
12.087087087087086,0.17457586712508139,0.18093228485922172,0.122164631182798
12.102102102102101,0.16596187464839676,0.17206170498779447,0.11944983021029963
12.117117117117116,0.1562734703719473,0.16209405978838162,0.11669326690316348
12.132132132132131,0.14555918950112845,0.1510839300295693,0.1139296324386428
12.147147147147146,0.1338681433467993,0.13908655769513692,0.11119258241114124
12.162162162162161,0.12124967372357257,0.12615731780492614,0.10851428311040079
12.177177177177176,0.10775310008043093,0.11235129400399867,0.10592498297518266
12.192192192192191,0.09342755760541668,0.09772296513009354,0.10345259917970377
12.207207207207206,0.07832192307460734,0.0823260062126125,0.10112231428824334
12.222222222222221,0.06248482356445938,0.06621320296023464,0.09895618469816285
12.237237237237236,0.045964721342539934,0.04943647417872908,0.09697277008108958
12.252252252252251,0.028810066362379923,0.032046992151789445,0.09518679991147334
12.267267267267266,0.011069505903089501,0.0140953871770744,0.09360889806832061
12.282282282282281,-0.007207860891197108,-0.004367980572119927,0.09224538821723025
12.297297297297296,-0.02597219741217347,-0.0232927007690027,0.09109820051000513
12.312312312312311,-0.0451726280920732,-0.04262796428321986,0.0901648941106728
12.327327327327327,-0.06475693715611618,-0.06232220648147197,0.089438801077345
12.342342342342342,-0.08467128434089106,-0.08232276237158632,0.08890928686096233
12.357357357357357,-0.10485995440911684,-0.10257555250876019,0.08856211315495678
12.372372372372372,-0.12526515689186338,-0.12302481721465577,0.08837988189648915
12.387387387387387,-0.1458268915376909,-0.14361291500803064,0.08834253604031345
12.402402402402402,-0.16648289341744898,-0.16428019926675136,0.08842789347954987
12.417417417417417,-0.1871686695172676,-0.18496498503907322,0.08861219440320324
12.432432432432432,-0.20781763597199412,-0.20560361555862683,0.08887064804863516
12.447447447447447,-0.228361361902393,-0.2261306353330807,0.0891779706260361
12.462462462462462,-0.2487299222145716,-0.2464790736169486,0.08950891078321957
12.477477477477477,-0.2688523578291337,-0.26658083862426646,0.08983876146395449
12.492492492492492,-0.28865723779186453,-0.28636721902439677,0.09014385711023819
12.507507507507507,-0.308073313760944,-0.30576948520458247,0.09040205313659966
12.522522522522522,-0.32703025366000776,-0.3247195786611956,0.09059318114322748
12.537537537537537,-0.34545943801784834,-0.3431508739445405,0.0906994693548745
12.552552552552552,-0.3632947998483696,-0.3609989941097039,0.09070591426132645
12.567567567567567,-0.3804736869877724,-0.37820265789403623,0.09060058729057985
12.582582582582582,-0.3969377246842794,-0.3947045350800566,0.09037486024495937
12.597597597597597,-0.41263365596337864,-0.41045208585786114,0.0900235355310433
12.612612612612612,-0.42751413785219444,-0.4253983605134045,0.08954487189788589
12.627627627627627,-0.441538472877571,-0.43950273736492557,0.08894050306391804
12.642642642642642,-0.45467325725143654,-0.45273157937515857,0.08821525452719746
12.657657657657657,-0.46689292969225415,-0.4650587930351058,0.08737687204690765
12.672672672672672,-0.47818020775220543,-0.4764662766644503,0.08643568268104478
12.687687687687687,-0.48852640166725986,-0.4869442489256223,0.08540421482508481
12.702702702702702,-0.4979315989657095,-0.4964914518606472,0.08429680654164648
12.717717717717717,-0.506404716215584,-0.5051152259464776,0.08312923099227174
12.732732732732732,-0.5139634172398517,-0.5128314574070333,0.0819183637135411
12.747747747747747,-0.5206338997845754,-0.5196644002656158,0.08068190894644056
12.762762762762762,-0.5264505549271612,-0.5256463773745802,0.07943819177282956
12.777777777777777,-0.5314555054333978,-0.5308173659707732,0.07820601040079336
12.792792792792792,-0.5356980308240715,-0.5352244742595973,0.07700452994327778
12.807807807807807,-0.5392338881392237,-0.5389213162338763,0.0758531871873537
12.822822822822824,-0.5421245383632188,-0.541967292504036,0.074771567169244
12.837837837837839,-0.5444362892869887,-0.5444267854733403,0.07377920898698782
12.852852852852854,-0.5462393663314307,-0.5463682778481487,0.07289530217191884
12.867867867867869,-0.5476069236250695,-0.5478634043210227,0.07213824746181698
12.882882882882884,-0.548614008484862,-0.5489859473668899,0.07152507708538285
12.897897897897899,-0.5493364934213409,-0.5498107894704048,0.07107075784073191
12.912912912912914,-0.5498499908653963,-0.5504128357279261,0.07078743105908857
12.927927927927929,-0.550228766936261,-0.5508659225586661,0.07068367047721032
12.942942942942944,-0.550544671639734,-0.5512417300847688,0.070763854602485
12.957957957957959,-0.5508661037747637,-0.5516087174284207,0.07102774815956933
12.972972972972974,-0.5512570293942047,-0.552031101532449,0.07147036539671436
12.987987987987989,-0.5517760727791493,-0.5525679009476884,0.07208214971458048
13.003003003003004,-0.5524756984402588,-0.5532720661788053,0.07284945769374962
13.018018018018019,-0.5534015015933871,-0.5541897175211763,0.07375529202390704
13.033033033033034,-0.5545916228644833,-0.5553595097979106,0.07478019668260946
13.048048048048049,-0.5560763007097065,-0.5568121410311881,0.07590321430455738
13.063063063063064,-0.5578775722881933,-0.5585700189351603,0.0771028101002853
13.078078078078079,-0.5600091304250117,-0.5606470953335998,0.07835768484325817
13.093093093093094,-0.5624763409886558,-0.5630488743570974,0.07964742530177599
13.108108108108109,-0.5652764216066435,-0.5657725957525509,0.08095296814884537
13.123123123123124,-0.5683987792496383,-0.5688075900316275,0.08225687837449781
13.138138138138139,-0.5718255008830974,-0.5721357976664336,0.0835434628885239
13.153153153153154,-0.5755319881288021,-0.5757324402529629,0.08479875324079189
13.168168168168169,-0.579487723678514,-0.5795668276141158,0.08601039821248298
13.183183183183184,-0.5836571540286716,-0.5836032812775969,0.08716750814130568
13.198198198198199,-0.5880006699413981,-0.5878021516838469,0.08826048932100433
13.213213213213214,-0.5924756629028736,-0.5921209038797448,0.0892808999394375
13.228228228228229,-0.5970376328220067,-0.5965152443537994,0.0902213501256293
13.243243243243244,-0.6016413194328599,-0.6009402600950466,0.09107545903288104
13.258258258258259,-0.6062418275393622,-0.6053515399594998,0.09183787257970309
13.273273273273274,-0.6107957146221094,-0.6097062480824698,0.09250433732058247
13.288288288288289,-0.6152620086833659,-0.6139641194883738,0.09307181942847025
13.303303303303304,-0.6196031247862253,-0.6180883493458056,0.09353865314296367
13.318318318318319,-0.6237856507352764,-0.6220463496156683,0.09390470023470948
13.333333333333334,-0.6277809758415475,-0.6258103502351907,0.09417150086981886
13.348348348348349,-0.6315657416839734,-0.6293578265011462,0.09434239648396926
13.363363363363364,-0.6351221000614495,-0.632671739905818,0.09442260666784819
13.378378378378379,-0.6384377706346426,-0.6357405861796017,0.09441924445602154
13.393393393393394,-0.6415058986937884,-0.638558251439347,0.09434125769650033
13.408408408408409,-0.6443247215990999,-0.6411236847742203,0.09419928829546349
13.423423423423424,-0.6468970602444174,-0.6434404029014705,0.0940054460176259
13.438438438438439,-0.6492296589382658,-0.6455158492528452,0.09377299906865794
13.453453453453454,-0.651332402994081,-0.6473606355954323,0.09351598969621241
13.468468468468469,-0.6532174477896899,-0.64898769870792,0.09324878921015727
13.483483483483484,-0.6548982959335375,-0.650411407494283,0.09298561270524876
13.498498498498499,-0.6563888604273886,-0.6516466571234937,0.09274001882407298
13.513513513513514,-0.6577025514253313,-0.6527079863749439,0.09252442350981523
13.528528528528529,-0.6588514225355148,-0.6536087525068227,0.09234965826213658
13.543543543543544,-0.6598454098374178,-0.6543603949050061,0.09222460243764533
13.558558558558559,-0.6606916931640132,-0.6549718148226369,0.09215591538189706
13.573573573573574,-0.661394204986167,-0.6554488940041928,0.09214788774041476
13.588588588588589,-0.6619533076511673,-0.6557941701858384,0.09220242266399767
13.603603603603604,-0.66236565491157,-0.656006682589209,0.09231914764713244
13.618618618618619,-0.6626242486852766,-0.656081995696166,0.09249564749360639
13.633633633633634,-0.6627186967685769,-0.6560124048209901,0.09272779950124575
13.64864864864865,-0.6626356716508046,-0.6557873222006335,0.09301018434498828
13.663663663663664,-0.6623595644665985,-0.6553938373464365,0.09333654095198204
13.67867867867868,-0.661873321274161,-0.6548174400517428,0.09370023118244444
13.693693693693694,-0.6611594411234442,-0.6540428885565234,0.09409468032105493
13.70870870870871,-0.660201106761329,-0.6530551988378037,0.09451376200827057
13.723723723723724,-0.6589834094987258,-0.6518407238686,0.09495210097767964
13.73873873873874,-0.6574946201873245,-0.6503882842068227,0.09540527348620349
13.753753753753754,-0.6557274491700453,-0.6486903039071449,0.09586989330212894
13.76876876876877,-0.6536802305065118,-0.6467438991933736,0.09634358017101412
13.783783783783784,-0.6513579609612381,-0.6445518624793535,0.09682481729195638
13.7987987987988,-0.6487731234518143,-0.6421234821780869,0.09731271378683147
13.813813813813814,-0.6459462289955987,-0.6394751402491318,0.09780669652543002
13.82882882882883,-0.6429060213598945,-0.6366306353469734,0.09830616199878939
13.843843843843844,-0.6396893046598114,-0.6336211900922489,0.09881012235793672
13.85885885885886,-0.6363403753000212,-0.6304851161813854,0.09931687976071843
13.873873873873874,-0.6329100643250398,-0.6272671299247184,0.09982375983074028
13.88888888888889,-0.6294544221269659,-0.6240173318851477,0.10032692892732133
13.903903903903904,-0.6260331018530438,-0.6207898856309947,0.10082131207078536
13.91891891891892,-0.6227075180591158,-0.6176414500541926,0.10130061992147675
13.933933933933934,-0.6195388709279487,-0.6146294351850873,0.10175748516171351
13.94894894894895,-0.6165861323160647,-0.6118101613489871,0.102183701574305
13.963963963963964,-0.6139040876862657,-0.6092370049563762,0.1025705532059202
13.97897897897898,-0.611541518402564,-0.6069586111459796,0.10290921609087667
13.993993993993994,-0.6095395936062938,-0.6050172446875107,0.10319121084321614
14.00900900900901,-0.6079305222330302,-0.603447337447984,0.10340888087505082
14.024024024024024,-0.6067364961176004,-0.6022742751821938,0.1035558681665478
14.03903903903904,-0.6059689367934997,-0.6015134503620556,0.10362755669731277
14.054054054054054,-0.6056280432278143,-0.6011695929441269,0.1036214532300889
14.06906906906907,-0.6057026263608363,-0.6012363786957032,0.10353747643506313
14.084084084084084,-0.6061702092476035,-0.6016963057135865,0.10337812852453837
14.0990990990991,-0.6069973685113803,-0.6025208242619318,0.10314852863723926
14.114114114114114,-0.6081402929430247,-0.6036707027080678,0.10285629406043802
14.12912912912913,-0.6095455373752531,-0.6050966124494386,0.10251126385141189
14.144144144144144,-0.6111509533059394,-0.6067399163747532,0.10212506934277893
14.15915915915916,-0.6128867810897466,-0.6085336475877291,0.10171056714598897
14.174174174174174,-0.6146768909945612,-0.6104036669044333,0.10128116216999347
14.18918918918919,-0.6164401614082262,-0.6122699882461804,0.10085006007124132
14.204204204204204,-0.6180919816386006,-0.614048259963237,0.10042949922269212
14.21921921921922,-0.6195458640089403,-0.6156513870976994,0.10003002009451588
14.234234234234235,-0.6207151454965592,-0.6169912746756259,0.09965983305463466
14.24924924924925,-0.6215147533973748,-0.6179806656307346,0.09932434244130024
14.264264264264265,-0.6218630029905152,-0.6185350394558806,0.09902587451167194
14.27927927927928,-0.6216833886053963,-0.6185745298748405,0.09876363990787652
14.294294294294295,-0.6209063235892638,-0.6180258125425865,0.09853393934321554
14.30930930930931,-0.6194707801551917,-0.6168239078546291,0.09833059716255747
14.324324324324325,-0.6173257776055145,-0.6149138401578088,0.09814558467938284
14.33933933933934,-0.6144316674910683,-0.6122520936677945,0.09796977692782631
14.354354354354355,-0.610761167222305,-0.608807807696966,0.09779377499999978
14.36936936936937,-0.6063000996208056,-0.6045636596426597,0.09760872252639553
14.384384384384385,-0.601047804780523,-0.5995163935865114,0.09740704890724582
14.3993993993994,-0.5950172020497939,-0.5936769650378801,0.0971830824450583
14.414414414414415,-0.5882344933764004,-0.5870702877565007,0.09693349180572136
14.42942942942943,-0.5807385139166312,-0.5797345858702472,0.09665753225591418
14.444444444444445,-0.5725797507949144,-0.5717203725791936,0.09635709190260892
14.45945945945946,-0.5638190652415156,-0.5630890943507987,0.0960365508523563
14.474474474474475,-0.5545261660682738,-0.5539114953408717,0.09570248119735263
14.48948948948949,-0.544777892694218,-0.5442657695680003,0.09536322672505468
14.504504504504505,-0.5346563730042452,-0.5342355770881555,0.09502840738022705
14.51951951951952,-0.5242471247550705,-0.5239080043736746,0.09470839448767532
14.534534534534535,-0.5136371688598182,-0.5133715480540127,0.09441379891575875
14.54954954954955,-0.502913218816331,-0.5027141953612563,0.09415500668799455
14.564564564564565,-0.49216000321362463,-0.4920216647238593,0.09394178646460467
14.57957957957958,-0.4814587683170579,-0.48137585699750784,0.09378298246161686
14.594594594594595,-0.47088599602717246,-0.4708535530488871,0.09368629630212054
14.60960960960961,-0.4605123599427076,-0.46052537809925026,0.09365815318421515
14.624624624624625,-0.45040192973815857,-0.45045503857181507,0.09370364224619918
14.63963963963964,-0.4406116223996788,-0.4406988241349962,0.09382651818594252
14.654654654654655,-0.43119088870088673,-0.43130535687212673,0.094029250655627
14.66966966966967,-0.42218161509310614,-0.42231556141062265,0.09431310903155286
14.684684684684685,-0.4136182151715466,-0.41376282449680574,0.09467827210378411
14.6996996996997,-0.4055278810959199,-0.40567330975689336,0.0951239543902937
14.714714714714715,-0.39793096365608227,-0.3980663929186323,0.09564854270053326
14.72972972972973,-0.39084144981584096,-0.39095518415584024,0.09624973802314203
14.744744744744745,-0.38426750819510813,-0.3843471069917679,0.09692469875349015
14.75975975975976,-0.37821207567952453,-0.37824450689594147,0.09767018180020769
14.774774774774775,-0.3726734617983103,-0.37264526691541233,0.09848267836844532
14.78978978978979,-0.36764595133899314,-0.36754341204260643,0.0993585413693129
14.804804804804805,-0.3631203895781326,-0.3629296882607904,0.10029410157710428
14.81981981981982,-0.35908473826903864,-0.3587921061230333,0.1012857699298713
14.834834834834835,-0.35552459397444225,-0.35511644218014643,0.10233012377958997
14.84984984984985,-0.3524236633577755,-0.35188669450681676,0.10342397544303329
14.864864864864865,-0.3497641925975982,-0.34908549096159897,0.10456442205544593
14.87987987987988,-0.3475273501538697,-0.34669445067154664,0.10574887644416939
14.894894894894895,-0.34569356371222904,-0.3446945005983119,0.1069750794715334
14.90990990990991,-0.34424281330464257,-0.34306614997840396,0.10824109499994189
14.924924924924925,-0.34315488340607253,-0.34178972600317875,0.10954528926643538
14.93993993993994,-0.34240957729719135,-0.3408455743835371,0.11088629698548616
14.954954954954955,-0.3419868972234581,-0.3402142284969932,0.11226297690184371
14.96996996996997,-0.34186719392798026,-0.3398765507018152,0.11367435977307341
14.984984984984985,-0.34203128904109054,-0.33981384917754337,0.11511959186620109
15,-0.3424605736177085,-0.3400079733579961,0.11659787700587333
