interval,roll_off,rating,rating_se,rating_boot_mean,rating_boot_se
0,2,-0.3759129645250349,0,-0.37583283955432956,0.10642609525848537
0.015015015015015015,2,-0.3794682639327363,0,-0.37953942109886896,0.10463049107889878
0.03003003003003003,2,-0.38349607412739156,0,-0.3837140399880447,0.10284336165486778
0.04504504504504504,2,-0.3880176429181416,0,-0.388377537152895,0.10106624215615391
0.06006006006006006,2,-0.3930523353809034,0,-0.39354885745609564,0.09930087923191017
0.07507507507507508,2,-0.39861715849746654,0,-0.39924457044710143,0.09754926018337862
0.09009009009009009,2,-0.4047262602481884,0,-0.4054783662261594,0.09581364254019364
0.10510510510510511,2,-0.4113904128404443,0,-0.4122605366513628,0.09409658244296291
0.12012012012012012,2,-0.4186164924595516,0,-0.4195974548538776,0.09240095981297189
0.13513513513513514,2,-0.42640697064084304,0,-0.427491068710408,0.09072999792559755
0.15015015015015015,2,-0.434759434902519,0,-0.4359384263669317,0.08908727474514305
0.16516516516516516,2,-0.44366615843310997,0,-0.4449312538894626,0.08747672326819822
0.18018018018018017,2,-0.4531137401528027,0,-0.45445560639373855,0.08590261819086245
0.19519519519519518,2,-0.4630828371132666,0,-0.46449161433560127,0.08436954647416658
0.21021021021021022,2,-0.4735480107295019,0,-0.47501334581466803,0.08288235982289009
0.22522522522522523,2,-0.48447770655664807,0,-0.48598880359969493,0.08144610768886712
0.24024024024024024,2,-0.49583438411656167,0,-0.49738007205495216,0.0800659501254614
0.2552552552552553,2,-0.5075748086301806,0,-0.5091436242742406,0.07874705062521863
0.2702702702702703,2,-0.5196505105359346,0,-0.5212307936798709,0.07749444995785104
0.2852852852852853,2,-0.5320084116252268,0,-0.5335884074135363,0.07631292301009082
0.3003003003003003,2,-0.5445916088895933,0,-0.5461595714426419,0.07520682175835423
0.3153153153153153,2,-0.5573402992474273,0,-0.5588845899183998,0.07417990883149908
0.3303303303303303,2,-0.5701928207661281,0,-0.5717019944746196,0.07323518766520118
0.34534534534534533,2,-0.5830867793943034,0,-0.5845496533505458,0.07237473695463172
0.36036036036036034,2,-0.5959602250927308,0,-0.5973659258816681,0.07159955880290385
0.37537537537537535,2,-0.608752838011604,0,-0.6100908253260272,0.07090945133152034
0.39039039039039036,2,-0.6214070842498003,0,-0.6226671523166686,0.07030291715667084
0.40540540540540543,2,-0.633869301799235,0,-0.635041562418251,0.0697771186134268
0.42042042042042044,2,-0.6460906803743259,0,-0.6471655341217337,0.06932788860209503
0.43543543543543545,2,-0.6580281036271345,0,-0.6589962078136725,0.06894980233929576
0.45045045045045046,2,-0.669644828297383,0,-0.6704970714063608,0.06863631034046261
0.46546546546546547,2,-0.68091098161999,0,-0.6816384739912901,0.06837992719036992
0.4804804804804805,2,-0.6918038652880809,0,-0.6923979546933365,0.06817246487480769
0.4954954954954955,2,-0.7023080609873497,0,-0.7027603795453716,0.06800529454671655
0.5105105105105106,2,-0.7124153386309514,0,-0.712717884465142,0.06786961739079274
0.5255255255255256,2,-0.7221243737264704,0,-0.722269627202293,0.06775672428350313
0.5405405405405406,2,-0.7314402847370909,0,-0.7314213554390439,0.06765822541654896
0.5555555555555556,2,-0.7403740049273563,0,-0.7401848021552282,0.06756623478198186
0.5705705705705706,2,-0.7489415061739375,0,-0.7485769230312436,0.06747349990595937
0.5855855855855856,2,-0.7571628947904431,0,-0.7566189941897906,0.06737347374413158
0.6006006006006006,2,-0.7650614017803934,0,-0.7643355920676187,0.06726033239029357
0.6156156156156156,2,-0.7726622922722219,0,-0.7717534807043096,0.06712894838606114
0.6306306306306306,2,-0.7799917213037347,0,-0.7789004352044541,0.06697483424237202
0.6456456456456456,2,-0.7870755656124802,0,-0.7858040334632993,0.06679407376200892
0.6606606606606606,2,-0.7939382635474421,0,-0.7924904512617259,0.0665832595857602
0.6756756756756757,2,-0.8006016974442716,0,-0.7989832982955204,0.0663394540322332
0.6906906906906907,2,-0.8070841545208783,0,-0.8053025343309715,0.06606018697956394
0.7057057057057057,2,-0.8133994032281487,0,-0.8114635051880567,0.06574349968565628
0.7207207207207207,2,-0.8195559216955369,0,-0.8174761373722936,0.06538803765414769
0.7357357357357357,2,-0.8255563131346315,0,-0.823344327675164,0.06499318957465665
0.7507507507507507,2,-0.8313969395580508,0,-0.829065559772447,0.06455926359852908
0.7657657657657657,2,-0.8370677997790665,0,-0.8346307736851178,0.06408768721723364
0.7807807807807807,2,-0.8425526703381401,0,-0.8400245059471964,0.06358121306109416
0.7957957957957957,2,-0.8478295188468894,0,-0.8452253085854953,0.06304411011411015
0.8108108108108109,2,-0.8528711884819559,0,-0.8502064438241578,0.06248231810209066
0.8258258258258259,2,-0.8576463403844616,0,-0.854936839185679,0.06190354209353339
0.8408408408408409,2,-0.8621206280511948,0,-0.8593822749067707,0.06131726470431303
0.8558558558558559,2,-0.866258065100687,0,-0.8635067629824186,0.06073465498899872
0.8708708708708709,2,-0.8700225358238376,0,-0.8672740654510465,0.06016835667120049
0.8858858858858859,2,-0.873379387513699,0,-0.8706492895503454,0.059632144546776025
0.9009009009009009,2,-0.8762970355490897,0,-0.8736004899190026,0.0591404473957917
0.9159159159159159,2,-0.8787485073591704,0,-0.8761002038361694,0.058707748869810894
0.9309309309309309,2,-0.8807128503586367,0,-0.8781268451718216,0.05834789402168738
0.9459459459459459,2,-0.8821763321378411,0,-0.8796658866355261,0.058073346589941656
0.960960960960961,2,-0.8831333687572254,0,-0.8807107681356009,0.05789445765434259
0.975975975975976,2,-0.8835871287401595,0,-0.8812634813379373,0.05781881576207484
0.990990990990991,2,-0.8835497757475306,0,-0.8813347962437204,0.05785074820959891
1.006006006006006,2,-0.8830423310955394,0,-0.8809441138743963,0.05799103068074423
1.021021021021021,2,-0.8820941571247785,0,-0.8801189488027381,0.05823683869490351
1.0360360360360361,2,-0.8807420826513632,0,-0.8788940649969793,0.05858194343946338
1.0510510510510511,2,-0.8790292109731112,0,-0.8773103069191746,0.05901712300844764
1.0660660660660661,2,-0.8770034678645705,0,-0.8754131837979886,0.05953073461010949
1.0810810810810811,2,-0.8747159605380287,0,-0.8732512774367923,0.06010937883577795
1.0960960960960962,2,-0.8722192277966693,0,-0.8708745520563472,0.06073858528002284
1.1111111111111112,2,-0.8695654660063489,0,-0.8683326480742715,0.06140345809508906
1.1261261261261262,2,-0.8668048148676412,0,-0.8656732403056081,0.06208923668293319
1.1411411411411412,2,-0.8639837814422591,0,-0.8629405350800959,0.06278174620405574
1.1561561561561562,2,-0.8611438709743059,0,-0.8601739707586766,0.06346773100250269
1.1711711711711712,2,-0.8583204795260824,0,-0.8574071728805335,0.06413507875852523
1.1861861861861862,2,-0.8555420873162444,0,-0.8546671996397552,0.06477295292520034
1.2012012012012012,2,-0.8528297740366728,0,-0.8519740966315958,0.06537185568564538
1.2162162162162162,2,-0.850197059514634,0,-0.8493407628979662,0.06592364397415938
1.2312312312312312,2,-0.8476500560238424,0,-0.8467731142665054,0.06642151815113032
1.2462462462462462,2,-0.8451879033566957,0,-0.8442705157287318,0.06685999795363458
1.2612612612612613,2,-0.8428034452874624,0,-0.8418264428829008,0.06723489453819834
1.2762762762762763,2,-0.8404840968754832,0,-0.8394293238076477,0.06754328177320437
1.2912912912912913,2,-0.8382128464984347,0,-0.8370635074292585,0.06778346515672591
1.3063063063063063,2,-0.8359693346072559,0,-0.8347103025517255,0.06795494329689786
1.3213213213213213,2,-0.8337309527333575,0,-0.8323490330587425,0.0680583550200478
1.3363363363363363,2,-0.8314739108122112,0,-0.8299580589959563,0.06809540489050067
1.3513513513513513,2,-0.8291742278092799,0,-0.827515719772324,0.06806876110725998
1.3663663663663663,2,-0.8268086092447586,0,-0.8250011639559546,0.06798192214929351
1.3813813813813813,2,-0.8243551847875263,0,-0.822395039416949,0.06783905185924852
1.3963963963963963,2,-0.8217940889380377,0,-0.819680027237581,0.06764478651754104
1.4114114114114114,2,-0.8191078773442748,0,-0.8168412122815484,0.06740402146104088
1.4264264264264264,2,-0.8162817800141869,0,-0.8138662920975291,0.06712168851950208
1.4414414414414414,2,-0.8133038002589434,0,-0.8107456335537412,0.0668025385580116
1.4564564564564564,2,-0.8101646744151232,0,-0.807472193006637,0.06645094533759081
1.4714714714714714,2,-0.8068577121645549,0,-0.8040413207611182,0.06607074742211376
1.4864864864864864,2,-0.8033785406089533,0,-0.8004504740436489,0.06566514376230922
1.5015015015015014,2,-0.7997247772446158,0,-0.7966988647231968,0.06523665581738644
1.5165165165165164,2,-0.7958956577452061,0,-0.7927870686737074,0.06478716473859915
1.5315315315315314,2,-0.7918916441400173,0,-0.7887166231053658,0.06431802650826254
1.5465465465465464,2,-0.7877140377136568,0,-0.7844896365484577,0.0638302614125142
1.5615615615615615,2,-0.7833646188810084,0,-0.7801084336085562,0.06332480733042489
1.5765765765765765,2,-0.7788453335236353,0,-0.775575253283962,0.06280281959124913
1.5915915915915915,2,-0.7741580419148403,0,-0.7708920157083594,0.062265994126087014
1.6066066066066067,2,-0.769304342510228,0,-0.7660601678239313,0.061716885826100264
1.6216216216216217,2,-0.7642854786496,0,-0.7610806138859841,0.061159190880799005
1.6366366366366367,2,-0.7591023317343953,0,-0.755953732046672,0.06059796083643082
1.6516516516516517,2,-0.7537554998727783,0,-0.7506794737731668,0.06003971759219453
1.6666666666666667,2,-0.7482454565138938,0,-0.7452575387381609,0.05949244291611315
1.6816816816816818,2,-0.7425727794424577,0,-0.7396876142811657,0.05896542361047598
1.6966966966966968,2,-0.7367384369063524,0,-0.7339696657522475,0.058468944301792614
1.7117117117117118,2,-0.7307441148256586,0,-0.7281042621417584,0.05801383372625233
1.7267267267267268,2,-0.7245925671696493,0,-0.7220929204344763,0.05761088650560751
1.7417417417417418,2,-0.7182879708136238,0,-0.7159384520968494,0.05727019916793316
1.7567567567567568,2,-0.7118362665424927,0,-0.7096452959361575,0.057000474160882574
1.7717717717717718,2,-0.7052454692967499,0,-0.7032198231259792,0.0568083558742816
1.7867867867867868,2,-0.6985259331076964,0,-0.6966706022988873,0.05669786535182607
1.8018018018018018,2,-0.6916905592074685,0,-0.6900086150696665,0.056669993541401606
1.8168168168168168,2,-0.6847549392350903,0,-0.6832474149753007,0.056722496618963864
1.8318318318318318,2,-0.6777374289783646,0,-0.6764032254200043,0.05684991346371441
1.8468468468468469,2,-0.670659151395635,0,-0.669494974638726,0.05704379906762764
1.8618618618618619,2,-0.6635439305002486,0,-0.6625442678147899,0.05729314363470412
1.8768768768768769,2,-0.6564181598879825,0,-0.6555752982149068,0.057584929745464815
1.8918918918918919,2,-0.6493106111540008,0,-0.6486147004801865,0.05790477165476414
1.906906906906907,2,-0.6422521881798683,0,-0.6416913500144865,0.05823758157556789
1.921921921921922,2,-0.635275633349683,0,-0.6348361127571046,0.05856821570503029
1.936936936936937,2,-0.6284151913156353,0,-0.6280815495680736,0.058882064759211046
1.951951951951952,2,-0.6217062351536156,0,-0.6214615790774732,0.059165566862197434
1.966966966966967,2,-0.6151848588217537,0,-0.6150111022706741,0.05940663243657906
1.981981981981982,2,-0.6088874389478736,0,-0.608765591435826,0.05959497988974222
1.996996996996997,2,-0.6028501682934694,0,-0.6027606455351538,0.05972238691014347
2.012012012012012,2,-0.5971085629086911,0,-0.597031513723417,0.05978286524882359
2.027027027027027,2,-0.5916969451009239,0,-0.5916125887560632,0.059772767486882296
2.042042042042042,2,-0.5866479049415808,0,-0.5865368725092904,0.059690833129074354
2.057057057057057,2,-0.5819917441394649,0,-0.581835416838141,0.05953817906092423
2.0720720720720722,2,-0.57775590767593,0,-0.5775367445402362,0.05931823655147127
2.0870870870870872,2,-0.5739644105451359,0,-0.5736662572280198,0.05903663411932723
2.1021021021021022,2,-0.5706372691463463,0,-0.5702456393360631,0.05870102323367658
2.1171171171171173,2,-0.5677899491717061,0,-0.5672922701366093,0.058320842529458315
2.1321321321321323,2,-0.565432844026419,0,-0.5648186582873603,0.0579070165114397
2.1471471471471473,2,-0.5635707996914077,0,-0.5628319158316566,0.05747158707859836
2.1621621621621623,2,-0.5622027032662178,0,-0.5613332904339761,0.05702728091199764
2.1771771771771773,2,-0.5613211529977409,0,-0.5603177756899722,0.05658702278420685
2.1921921921921923,2,-0.5609122272255814,0,-0.5597738193609059,0.05616341359352716
2.2072072072072073,2,-0.5609553682312488,0,-0.5596831481724279,0.055768201195880635
2.2222222222222223,2,-0.5614233944150506,0,-0.5600207253018724,0.055411780102884355
2.2372372372372373,2,-0.5622826505839157,0,-0.5607548528807874,0.05510276071614517
2.2522522522522523,2,-0.5634933015581715,0,-0.5618474269029948,0.05484764804115934
2.2672672672672673,2,-0.5650097690329601,0,-0.5632543461109525,0.054650662659064285
2.2822822822822824,2,-0.5667813059789033,0,-0.5649260700913341,0.0545137233883273
2.2972972972972974,2,-0.5687526972040622,0,-0.5668083153696611,0.054436593356338915
2.3123123123123124,2,-0.5708650694088223,0,-0.568842872208523,0.05441717217102294
2.3273273273273274,2,-0.5730567895038221,0,-0.5709685195214536,0.054451900033723126
2.3423423423423424,2,-0.5752644264236882,0,-0.5731220111888806,0.054536227957053963
2.3573573573573574,2,-0.5774237493611625,0,-0.575239104373609,0.05466510346371416
2.3723723723723724,2,-0.5794707343664008,0,-0.5772555993201044,0.05483342339654111
2.3873873873873874,2,-0.5813425515980003,0,-0.5791083605825591,0.055036413565314274
2.4024024024024024,2,-0.58297850707584,0,-0.5807362915294783,0.055269906884761924
2.4174174174174174,2,-0.5843209154018509,0,-0.5820812370827148,0.05553050522116333
2.4324324324324325,2,-0.5853158833710616,0,-0.583088793669226,0.05581562343780391
2.4474474474474475,2,-0.5859139884667215,0,-0.5837090099790353,0.05612342570035279
2.4624624624624625,2,-0.586070840701332,0,-0.5838969670379591,0.05645267310622184
2.4774774774774775,2,-0.5857475209334057,0,-0.5836132310722947,0.056802507736137965
2.4924924924924925,2,-0.5849108934888104,0,-0.5828241774796137,0.057172201241237564
2.5075075075075075,2,-0.5835337954986181,0,-0.5815021887965706,0.057560896278005806
2.5225225225225225,2,-0.581595109704468,0,-0.5796257337860291,0.05796736687478745
2.5375375375375375,2,-0.5790797314549866,0,-0.5771793385871794,0.058389819681847845
2.5525525525525525,2,-0.5759784441017842,0,-0.5741534642197985,0.058825752634425785
2.5675675675675675,2,-0.572287719876642,0,-0.5705443075277663,0.05927188148710204
2.5825825825825826,2,-0.5680094654669858,0,-0.5663535447861012,0.05972413856212265
2.5975975975975976,2,-0.5631507327846261,0,-0.5615880385590989,0.06017774239302564
2.6126126126126126,2,-0.5577234157382474,0,-0.556259528857524,0.06062733208335906
2.6276276276276276,2,-0.5517439530950613,0,-0.5503843290825419,0.06106715631278312
2.6426426426426426,2,-0.5452330557118522,0,-0.5439830455782115,0.06149130403221977
2.6576576576576576,2,-0.5382154735384795,0,-0.5370803368083938,0.0618939619144467
2.6726726726726726,2,-0.5307198139100116,0,-0.5297047242609249,0.06226968244113175
2.6876876876876876,2,-0.5227784178691701,0,-0.5218884622732128,0.0626136459972749
2.7027027027027026,2,-0.5144272957801147,0,-0.5136674682617176,0.06292190044331408
2.7177177177177176,2,-0.5057061175492583,0,-0.5050813085959552,0.06319156234171304
2.7327327327327327,2,-0.4966582466572526,0,-0.4961732289301636,0.06342096538604843
2.7477477477477477,2,-0.4873308012773118,0,-0.48699021159534545,0.06360974371360797
2.7627627627627627,2,-0.47777472039990276,0,-0.47758303710498473,0.06375884078366642
2.7777777777777777,2,-0.4680448085195138,0,-0.46800632239988565,0.06387043844805768
2.7927927927927927,2,-0.4581997294861544,0,-0.4583185055997816,0.06394780572360337
2.8078078078078077,2,-0.44830191897486077,0,-0.4485817461409059,0.06399507245814345
2.8228228228228227,2,-0.4384173860039232,0,-0.43886171056750267,0.06401693924053739
2.8378378378378377,2,-0.4286153772440029,0,-0.42922721808041164,0.06401834100624888
2.8528528528528527,2,-0.41896788355046133,0,-0.4197497262138986,0.06400408710885229
2.8678678678678677,2,-0.4095489760588801,0,-0.4105026454798248,0.06397850433239584
2.8828828828828827,2,-0.400433968919821,0,-0.40156048201752537,0.06394511062842231
2.8978978978978978,2,-0.3916984166955567,0,-0.39299781852550786,0.06390634574629689
2.9129129129129128,2,-0.38341696578704365,0,-0.3848881551548455,0.06386338030689442
2.9279279279279278,2,-0.375662090065982,0,-0.3773026426427926,0.06381601773113571
2.942942942942943,2,-0.368502750189153,0,-0.3703087487956174,0.06376269479129844
2.957957957957958,2,-0.36200302299379855,0,-0.36396890565822726,0.0637005777543705
2.972972972972973,2,-0.3562207512420447,0,-0.3583391877430245,0.0636257435007197
2.987987987987988,2,-0.35120626442928976,0,-0.35346807126717394,0.06353342967559535
3.003003003003003,2,-0.3470012183853729,0,-0.34939532056815276,0.06341833534776425
3.018018018018018,2,-0.34363759533272153,0,-0.3461510411853916,0.06327495365531852
3.033033033033033,2,-0.34113689759543303,0,-0.3437549302491347,0.06309791983652059
3.048048048048048,2,-0.3395095581741754,0,-0.3422157447224067,0.06288236091330601
3.063063063063063,2,-0.33875458091021987,0,-0.3415309976673402,0.06262423614382484
3.078078078078078,2,-0.33885941292184163,0,-0.3416868829521789,0.062320659418445515
3.093093093093093,2,-0.33980004321982915,0,-0.3426584204083196,0.061970195587949056
3.108108108108108,2,-0.3415413144685925,0,-0.3444098068788811,0.06157312216224872
3.123123123123123,2,-0.3440374300434213,0,-0.34689495409831883,0.06113164606664431
3.138138138138138,2,-0.34723263584404485,0,-0.3500581918789811,0.06065006257530272
3.153153153153153,2,-0.35106205551098485,0,-0.3538351144126715,0.060134840717111386
3.168168168168168,2,-0.35545265832050293,0,-0.358153548224472,0.059594617079312115
3.183183183183183,2,-0.3603243405658604,0,-0.36293462195482956,0.059040078878716484
3.198198198198198,2,-0.3655911031026243,0,-0.3680939201856106,0.05848371841418077
3.2132132132132134,2,-0.37116230942783784,0,-0.37354270549697305,0.057939445590642846
3.2282282282282284,2,-0.37694400976774967,0,-0.37918919446172694,0.057422054013130365
3.2432432432432434,2,-0.38284031690281095,0,-0.3849398740897802,0.05694654963406328
3.2582582582582584,2,-0.38875481876181917,0,-0.39070084520184156,0.05652736865141065
3.2732732732732734,2,-0.3945920112322531,0,-0.39637917835197817,0.056177531512199404
3.2882882882882885,2,-0.400258732367936,0,-0.401884266371754,0.05590779913201262
3.3033033033033035,2,-0.40566557654746566,0,-0.40712915561447344,0.055725911209619367
3.3183183183183185,2,-0.4107282645357819,0,-0.4120318358431087,0.0556359900140667
3.3333333333333335,2,-0.41536894323771945,0,-0.4165164667650082,0.05563818291730685
3.3483483483483485,2,-0.41951738759067364,0,-0.42051451779451443,0.055728593005360955
3.3633633633633635,2,-0.4231120768377847,0,-0.4239657969996523,0.0558995129690581
3.3783783783783785,2,-0.426101118563109,0,-0.4268193455671032,0.05613993994568644
3.3933933933933935,2,-0.4284429964389091,0,-0.4290341756179481,0.05643631588353887
3.4084084084084085,2,-0.430107121582156,0,-0.4305798318489426,0.05677341561958186
3.4234234234234235,2,-0.4310741725670179,0,-0.4314367611953719,0.05713529612030134
3.4384384384384385,2,-0.43133621521345467,0,-0.43159647937020396,0.05750622446589228
3.4534534534534536,2,-0.43089659991881407,0,-0.4310615285284177,0.05787151573042514
3.4684684684684686,2,-0.4297696411337296,0,-0.4298452261893042,0.05821823049786722
3.4834834834834836,2,-0.4279800902233283,0,-0.4279712116505435,0.058535701378418244
3.4984984984984986,2,-0.42556241905198217,0,-0.42547280216026107,0.058815875806441945
3.5135135135135136,2,-0.42255993689724863,0,-0.4223921767926514,0.05905347720172553
3.5285285285285286,2,-0.4190237675249112,0,-0.41877941102911087,0.059245997872759346
3.5435435435435436,2,-0.41501171631183054,0,-0.41469138923902804,0.05939354503360645
3.5585585585585586,2,-0.410587059134874,0,-0.41019062538463585,0.05949856642296436
3.5735735735735736,2,-0.405817285370255,0,-0.4053440242018918,0.059565484704836275
3.5885885885885886,2,-0.40077282684195464,0,-0.40022161576181814,0.05960027049184324
3.6036036036036037,2,-0.39552580303644347,0,-0.39489529569568305,0.0596099828155685
3.6186186186186187,2,-0.3901488105083379,0,-0.38943760154884055,0.059602303512091344
3.6336336336336337,2,-0.3847137812989822,0,-0.3839205528544925,0.05958508864570026
3.6486486486486487,2,-0.379290931545966,0,-0.3784145787861666,0.05956595612153078
3.6636636636636637,2,-0.37394781744547084,0,-0.3729875528879159,0.0595519243872816
3.6786786786786787,2,-0.36874851150511745,0,-0.36770394964138536,0.059549112894286126
3.6936936936936937,2,-0.36375290774823776,0,-0.3626241327525451,0.059562510996909616
3.7087087087087087,2,-0.35901616034464895,0,-0.35780378025173604,0.05959581833945085
3.7237237237237237,2,-0.35458825617631073,0,-0.3532934469897215,0.05965135655055024
3.7387387387387387,2,-0.35051371820981114,0,-0.3491382610313301,0.059730049224094826
3.7537537537537538,2,-0.3468314333322956,0,-0.3453777469066109,0.05983146469000839
3.7687687687687688,2,-0.34357459558271075,0,-0.34204576574685736,0.05995391396998415
3.7837837837837838,2,-0.34077075352268965,0,-0.33917056004406254,0.0600945946136319
3.798798798798799,2,-0.3384419488655628,0,-0.33677488913389786,0.06024976989181319
3.813813813813814,2,-0.3366049324199037,0,-0.3348762404993054,0.060414972160968465
3.828828828828829,2,-0.3352714428889302,0,-0.3334871015944094,0.06058521914839855
3.843843843843844,2,-0.33444853406427266,0,-0.33261527705586524,0.0607552324298261
3.858858858858859,2,-0.33413893641327835,0,-0.33226423685100814,0.06091964839776816
3.873873873873874,2,-0.3343414399231222,0,-0.3324334820505721,0.06107321342003615
3.888888888888889,2,-0.3350512862628047,0,-0.33311891643828445,0.06121095650397716
3.903903903903904,2,-0.33626055977996094,0,-0.3343132139971603,0.06132833446285042
3.918918918918919,2,-0.3379585684812204,0,-0.33600617434399843,0.061421346209558685
3.933933933933934,2,-0.34013220786725695,0,-0.33818506030435475,0.06148661431385115
3.948948948948949,2,-0.3427663022176365,0,-0.3408349139008312,0.06152143333784565
3.963963963963964,2,-0.3458439195566577,0,-0.34393884892959115,0.06152378573721139
3.978978978978979,2,-0.34934665799089964,0,-0.3474783198848034,0.06149232732803931
3.993993993993994,2,-0.3532549023101503,0,-0.3514333681314868,0.06142634551659966
4.009009009009009,2,-0.35754805061469475,0,-0.35578284682320227,0.06132569469267989
4.024024024024024,2,-0.36220471122181014,0,-0.36050462605336914,0.06119071438125945
4.039039039039039,2,-0.36720287018771874,0,-0.3655757791140097,0.06102213687107315
4.054054054054054,2,-0.37252002946819307,0,-0.37097274957554865,0.06082099198678623
4.069069069069069,2,-0.3781333150825738,0,-0.37667149732712285,0.0605885173030137
4.084084084084084,2,-0.3840195537377443,0,-0.38264761992435237,0.06032608225363723
4.099099099099099,2,-0.39015531534904774,0,-0.3888764438268108,0.06003513411439244
4.114114114114114,2,-0.39651691793908345,0,-0.39533307864523815,0.05971717261061859
4.129129129129129,2,-0.4030803907006308,0,-0.4019924266330723,0.05937375787009453
4.1441441441441444,2,-0.4098213907806557,0,-0.40882913959194617,0.05900655363906075
4.1591591591591595,2,-0.4167150697659541,0,-0.4158175162996497,0.05861740425185867
4.1741741741741745,2,-0.42373588707655074,0,-0.4229313356113968,0.058208440045169986
4.1891891891891895,2,-0.43085736958780607,0,-0.4301436235304539,0.05778220208539827
4.2042042042042045,2,-0.43805181981355656,0,-0.4374263566851023,0.057341773644853045
4.2192192192192195,2,-0.4452899788031245,0,-0.44475010957206934,0.056890903253577346
4.2342342342342345,2,-0.45254065434621127,0,-0.4520836583216339,0.05643410277963019
4.2492492492492495,2,-0.45977032985225114,0,-0.4593935592130849,0.05597670419401288
4.2642642642642645,2,-0.4669427739944276,0,-0.4666437252655743,0.055524860689395834
4.2792792792792795,2,-0.4740186754332506,0,-0.47379502845840477,0.05508548172301215
4.2942942942942945,2,-0.48095533016897146,0,-0.48080495800711687,0.05466609722023767
4.3093093093093096,2,-0.48770641082900124,0,-0.4876273661934131,0.054274653230220474
4.324324324324325,2,-0.4942218470428121,0,-0.49421233217129124,0.053919249100681604
4.33933933933934,2,-0.5004478436751424,0,-0.500506170752837,0.05360783377964854
4.354354354354355,2,-0.5063270589376829,0,-0.5064516074194935,0.05334788499438456
4.36936936936937,2,-0.5117989573670385,0,-0.5119881329462653,0.053146098615210385
4.384384384384385,2,-0.5168003436929026,0,-0.5170525415479471,0.0530081155467335
4.3993993993994,2,-0.5212660733378645,0,-0.521579646057493,0.05293830961389994
4.414414414414415,2,-0.5251299245299466,0,-0.525503153187033,0.05293965250942057
4.42942942942943,2,-0.5283256067569382,0,-0.5287566723329111,0.053013662127778645
4.444444444444445,2,-0.5307878715674631,0,-0.5312748235609155,0.05316043029338787
4.45945945945946,2,-0.5324536854429628,0,-0.532994405089265,0.05337871690579038
4.474474474474475,2,-0.5332634213072519,0,-0.5338555782679835,0.053666091420756956
4.48948948948949,2,-0.5331620255439119,0,-0.5338030289103004,0.054019100153584666
4.504504504504505,2,-0.5321001210942631,0,-0.5327870676998062,0.05443343902129846
4.51951951951952,2,-0.5300350138521723,0,-0.5307646387935029,0.054904115171208724
4.534534534534535,2,-0.526931578367038,0,-0.5277002139314123,0.055425586208306316
4.54954954954955,2,-0.5227630088059244,0,-0.5235665584597542,0.055991871172145276
4.564564564564565,2,-0.5175114311254975,0,-0.5183453647461742,0.0565966320902934
4.57957957957958,2,-0.5111683814443103,0,-0.5120277566474931,0.0572332283927367
4.594594594594595,2,-0.5037351628477557,0,-0.5046146752725638,0.05789474870432539
4.60960960960961,2,-0.495223097725319,0,-0.49611716076896606,0.058574025837036366
4.624624624624625,2,-0.48565369494981675,0,-0.48655654699562656,0.05926364158279901
4.63963963963964,2,-0.47505875076177584,0,-0.4759645857011919,0.05995592849619677
4.654654654654655,2,-0.46348039936099633,0,-0.4643835143918249,0.0606429764185327
4.66966966966967,2,-0.45097112435307657,0,-0.4518660777838113,0.06131665199949141
4.684684684684685,2,-0.43759373588729455,0,-0.4384755070493255,0.06196863973796192
4.6996996996997,2,-0.4234213111461123,0,-0.42428545449761335,0.06259051283952673
4.714714714714715,2,-0.40853708840821207,0,-0.40937987443757645,0.06317384124500275
4.72972972972973,2,-0.39303429779202176,0,-0.393852834293367,0.06371034237892605
4.744744744744745,2,-0.37701590554459313,0,-0.3778082341288883,0.0641920774695647
4.75975975975976,2,-0.36059424388023903,0,-0.3613594080894804,0.0646116927758122
4.774774774774775,2,-0.3438904953552545,0,-0.34462857835907745,0.06496270085923511
4.78978978978979,2,-0.32703399999465754,0,-0.32774613147307696,0.06523979232577173
4.804804804804805,2,-0.3101613551966681,0,-0.31084968855742523,0.0654391634045086
4.81981981981982,2,-0.2934152830636576,0,-0.29408294551212305,0.06555883953647151
4.834834834834835,2,-0.27694324734039055,0,-0.27759426640954654,0.06559897011729267
4.84984984984985,2,-0.26089581249832394,0,-0.2615350233439099,0.06556206516139992
4.864864864864865,2,-0.24542475038305278,0,-0.24605768834820219,0.06545314167948886
4.87987987987988,2,-0.23068091468301616,0,-0.2313136972614761,0.06527974700968552
4.894894894894895,2,-0.21681191946055245,0,-0.21745112082458945,0.06505182942982934
4.90990990990991,2,-0.2039596740496904,0,-0.20461219383966298,0.06478143428417374
4.924924924924925,2,-0.19225784152551392,0,-0.19293076781938978,0.06448221736590033
4.93993993993994,2,-0.18182930036221273,0,-0.1825297649621379,0.06416878632684678
4.954954954954955,2,-0.17278369754515752,0,-0.17351872031789914,0.06385590402696416
4.96996996996997,2,-0.1652151852114983,0,-0.16599150359497242,0.06355761195846885
4.984984984984985,2,-0.15920043113696228,0,-0.1600243114000122,0.0632863526623916
5,2,-0.15479698580638127,0,-0.15567401439326006,0.06305218213751279
5.015015015015015,2,-0.1520420756831441,0,-0.15297693194211945,0.06286216201917673
5.03003003003003,2,-0.15095187444963265,0,-0.15194808995249692,0.06272000454671448
5.045045045045045,2,-0.1515212827158775,0,-0.1525809967231887,0.06262601254435411
5.06006006006006,2,-0.1537242236043185,0,-0.1548479483756291,0.06257731728039123
5.075075075075075,2,-0.15751443847536875,0,-0.15870085137498027,0.06256837729414855
5.09009009009009,2,-0.16282674556320884,0,-0.16407252664890457,0.06259166945852197
5.105105105105105,2,-0.16957870590102203,0,-0.1708784394583673,0.06263848563040642
5.12012012012012,2,-0.17767262670025913,0,-0.1790187828044315,0.06269974611125666
5.135135135135135,2,-0.18699782291489264,0,-0.18838083066516065,0.06276675254714661
5.15015015015015,2,-0.1974330531999225,0,-0.19884147116600762,0.06283182282800039
5.165165165165165,2,-0.20884904657294703,0,-0.21026982884149079,0.0628887732149206
5.18018018018018,2,-0.22111104019451772,0,-0.2225298889806518,0.06293323353747456
5.195195195195195,2,-0.23408125598109283,0,-0.2354830448874459,0.06296279703895767
5.21021021021021,2,-0.24762125335708324,0,-0.24899049976053914,0.06297701659000458
5.225225225225225,2,-0.26159410646569836,0,-0.2629154677619483,0.06297726443528859
5.24024024024024,2,-0.2758663658153208,0,-0.27712513268834127,0.06296647512930759
5.255255255255255,2,-0.29030977600027347,0,-0.29149233658097373,0.06294879270248237
5.27027027027027,2,-0.30480273231284527,0,-0.30589698386891545,0.06292914476897796
5.285285285285285,2,-0.3192314694062251,0,-0.32022715867593976,0.06291276887005463
5.3003003003003,2,-0.33349098443804687,0,-0.3343799633539697,0.06290471964266219
5.315315315315315,2,-0.3474857051689098,0,-0.34826209491512117,0.06290938853442916
5.33033033033033,2,-0.3611299202157696,0,-0.3617901827326633,0.06293006950113755
5.345345345345345,2,-0.37434799401209923,0,-0.37489091568297384,0.06296860319230871
5.36036036036036,2,-0.3870743929789553,0,-0.38750098989394566,0.0630251277492906
5.375375375375375,2,-0.39925355196063345,0,-0.39956690958768815,0.06309795642534098
5.39039039039039,2,-0.41083961114708867,0,-0.411044673324684,0.0631835915306553
5.405405405405405,2,-0.4217960535411599,0,-0.421899376457276,0.06327687213572433
5.42042042042042,2,-0.43209527161109457,0,-0.43210475797488873,0.06337124130443116
5.435435435435435,2,-0.4417180892105779,0,-0.4416427163673429,0.06345910904726079
5.45045045045045,2,-0.45065326129665134,0,-0.4505028148441491,0.06353228087232994
5.465465465465465,2,-0.45889696961285353,0,-0.45868179142976534,0.06358241925043719
5.48048048048048,2,-0.46645232754794036,0,-0.4661830843195107,0.06360150627449597
5.495495495495495,2,-0.4733289020797643,0,-0.4730163776543182,0.06358227952522426
5.51051051051051,2,-0.4795422553519404,0,-0.4791971677991338,0.06351861862814132
5.525525525525525,2,-0.48511350331657643,0,-0.4847463455520846,0.06340586616824553
5.54054054054054,2,-0.4900688843373095,0,-0.48968978574600086,0.06324107266463283
5.555555555555555,2,-0.4944393270158313,0,-0.4940579327080316,0.0630231606161219
5.57057057057057,2,-0.4982600040958983,0,-0.49788536827486557,0.06275300691067101
5.585585585585585,2,-0.501569858379623,0,-0.5012103487313923,0.06243344608437941
5.6006006006006,2,-0.5044110873460074,0,-0.5040742982792356,0.06206919913248764
5.615615615615615,2,-0.5068285756557003,0,-0.506521249465157,0.06166673403693913
5.63063063063063,2,-0.5088692688695824,0,-0.5085972252831017,0.061234065159271975
5.645645645645645,2,-0.5105814872385419,0,-0.5103495631287295,0.06078049943912803
5.66066066066066,2,-0.5120141849004085,0,-0.5118261870028448,0.060316338189739326
5.675675675675675,2,-0.5132161666610471,0,-0.5130748407803182,0.05985254437007378
5.6906906906906904,2,-0.5142352810605121,0,-0.5141423013636458,0.0594003866018051
5.7057057057057055,2,-0.5151176139333715,0,-0.5150735955034036,0.058971072803799554
5.7207207207207205,2,-0.5159067105390703,0,-0.5159112474454097,0.058575387894001116
5.7357357357357355,2,-0.5166428560966274,0,-0.5166945859595143,0.05822335117651212
5.7507507507507505,2,-0.5173624439683359,0,-0.5174591385254534,0.05792390933133295
5.7657657657657655,2,-0.5180974578230471,0,-0.51823613753802,0.05768467992149013
5.7807807807807805,2,-0.5188750891530298,0,-0.5190521586135625,0.05751175774267543
5.7957957957957955,2,-0.5197175050132836,0,-0.5199289048849071,0.057409592147259
5.8108108108108105,2,-0.5206417734302561,0,-0.5208831441332332,0.05738093799926106
5.8258258258258255,2,-0.5216599462622372,0,-0.5219267983325889,0.05742687680820721
5.8408408408408405,2,-0.5227792920131483,0,-0.5230671782431532,0.05754689871683813
5.8558558558558556,2,-0.5240026647088641,0,-0.5243073495443275,0.057739031287401175
5.870870870870871,2,-0.5253289897742557,0,-0.5256466119606356,0.057999998181273375
5.885885885885886,2,-0.526753844050636,0,-0.5270810690532253,0.05832539025620495
5.900900900900901,2,-0.5282701046481146,0,-0.5286042638286282,0.05870983329602504
5.915915915915916,2,-0.5298686400882038,0,-0.5302078539394401,0.05914714013095847
5.930930930930931,2,-0.531539016933587,0,-0.5318822998326729,0.05963043962105976
5.945945945945946,2,-0.5332701955777925,0,-0.5336175395335575,0.06015228006680467
5.960960960960961,2,-0.5350511898616194,0,-0.5354036246524626,0.060704709331165604
5.975975975975976,2,-0.5368716665471509,0,-0.537231293547617,0.061279337722300875
5.990990990990991,2,-0.5387224623594156,0,-0.5390924593256743,0.0618673921384765
6.006006006006006,2,-0.5405959983420668,0,-0.5409805925619181,0.062459770997696146
6.021021021021021,2,-0.5424865737938414,0,-0.542890981391823,0.063047109150349
6.036036036036036,2,-0.5443905252365799,0,-0.5448208551279816,0.06361986054060467
6.051051051051051,2,-0.546306239899622,0,-0.5467693619501082,0.06416840416216278
6.066066066066066,2,-0.5482340182248556,0,-0.5487373965997561,0.06468317618958942
6.081081081081081,2,-0.5501757859270695,0,-0.5507272803668011,0.06515482837463431
6.096096096096096,2,-0.5521346630474078,0,-0.5527423027951364,0.06557441013699888
6.111111111111111,2,-0.5541144048812809,0,-0.5547861420800925,0.06593356944118901
6.126126126126126,2,-0.5561187371181135,0,-0.5568621885104373,0.06622476565829695
6.141141141141141,2,-0.5581506143156457,0,-0.5589728018140404,0.0664414862296414
6.156156156156156,2,-0.5602114361919395,0,-0.5611185381373425,0.06657845809669419
6.171171171171171,2,-0.5623002594412272,0,-0.5632973849330039,0.0666318445168566
6.186186186186186,2,-0.5644130433269269,0,-0.5655040417570487,0.06659941799014399
6.201201201201201,2,-0.566541964926549,0,-0.5677292817111833,0.06648070049291131
6.216216216216216,2,-0.568674834715535,0,-0.5699594222169857,0.06627706295554482
6.231231231231231,2,-0.5707946356756624,0,-0.5721759255712239,0.06599177684974639
6.246246246246246,2,-0.5728792001165566,0,-0.5743551402138586,0.06563001182810622
6.261261261261261,2,-0.574901028927359,0,-0.5764681839294975,0.06519877460774963
6.276276276276276,2,-0.5768272490978862,0,-0.5784809613959617,0.06470678580078804
6.291291291291291,2,-0.5786196980183125,0,-0.5803543015300403,0.06416429330482895
6.306306306306306,2,-0.5802351179911255,0,-0.5820441956134427,0.06358282332510516
6.321321321321321,2,-0.5816254419491498,0,-0.5835021155080536,0.06297487321746195
6.336336336336336,2,-0.5827381516070366,0,-0.5846753923279417,0.0623535541449582
6.351351351351351,2,-0.583516691912805,0,-0.5855076393630128,0.0617321959274166
6.366366366366366,2,-0.5839009302190715,0,-0.5859392082741565,0.061123931164779086
6.381381381381381,2,-0.5838276544363906,0,-0.5859076739253316,0.06054128027558309
6.396396396396396,2,-0.5832311109003545,0,-0.5853483499962484,0.059995762872017175
6.411411411411412,2,-0.5820435891443069,0,-0.5841948440971216,0.05949756312105489
6.426426426426427,2,-0.5801960666556285,0,-0.5823796669423286,0.05905527662626701
6.441441441441442,2,-0.5776189315219707,0,-0.5798349147865406,0.05867576326991776
6.456456456456457,2,-0.5742428042345656,0,-0.5764930474199653,0.058364124093299
6.471471471471472,2,-0.5699994814493418,0,-0.5722877852471218,0.05812381088424038
6.486486486486487,2,-0.564823023882169,0,-0.5671551480534399,0.05795686545147594
6.501501501501502,2,-0.5586510074151066,0,-0.5610346547255078,0.05786427279958828
6.516516516516517,2,-0.551425950618006,0,-0.5538706971800952,0.057846399974427705
6.531531531531532,2,-0.5430969229911748,0,-0.5456140928621991,0.05790348153892358
6.546546546546547,2,-0.5336213261620453,0,-0.5362238082773282,0.05803610447976348
6.561561561561562,2,-0.5229668250562295,0,-0.5256688311837934,0.05824564051112626
6.576576576576577,2,-0.5111133880372651,0,-0.5139301516105652,0.05853457268796141
6.591591591591592,2,-0.4980553748925858,0,-0.5010027924773249,0.058906666417360413
6.606606606606607,2,-0.4838035905557487,0,-0.4868978104235533,0.059366942966720834
6.621621621621622,2,-0.468387202363504,0,-0.4716441681547411,0.059921427130452114
6.636636636636637,2,-0.45185540173970956,0,-0.45529036332007533,0.06057666032805698
6.651651651651652,2,-0.43427868015082555,0,-0.4379056881422881,0.06133899572579025
6.666666666666667,2,-0.4157495867789737,0,-0.4195809913429345,0.06221372113710156
6.681681681681682,2,-0.3963828441119035,0,-0.4004288217213432,0.06320408466248392
6.696696696696697,2,-0.3763147192751022,0,-0.3805828527378748,0.06431032181377361
6.711711711711712,2,-0.3557015838489975,0,-0.3601965201364207,0.06552879528943399
6.726726726726727,2,-0.33471764182031294,0,-0.3394408489542122,0.06685135508644546
6.741741741741742,2,-0.3135518609767127,0,-0.31850149934480143,0.06826500597910937
6.756756756756757,2,-0.29240420243057036,0,-0.29757511788584273,0.0697519344848976
6.771771771771772,2,-0.2714812997189241,0,-0.2768651365476273,0.07128990477563545
6.786786786786787,2,-0.250991786304703,0,-0.2565772087959032,0.07285299070074147
6.801801801801802,2,-0.2311415021701068,0,-0.23691450536032932,0.07441257647287011
6.816816816816817,2,-0.2121288221305724,0,-0.2180731064506824,0.07593853626652643
6.831831831831832,2,-0.1941403386356414,0,-0.20023772039761936,0.07740049433928856
6.846846846846847,2,-0.17734710122096484,0,-0.18357793136932637,0.07876907085981608
6.861861861861862,2,-0.1619015672621879,0,-0.16824513424841184,0.08001703131825305
6.876876876876877,2,-0.14793536018002387,0,-0.15437025841454513,0.08112027560309155
6.891891891891892,2,-0.13555786874529852,0,-0.14206232079223557,0.08205862326775175
6.906906906906907,2,-0.1248556615439111,0,-0.13140778896289018,0.08281637160532067
6.921921921921922,2,-0.11589263980094508,0,-0.12247068339178112,0.08338262112117452
6.936936936936937,2,-0.10871081365422265,0,-0.11529330821661138,0.08375137777234853
6.951951951951952,2,-0.10333156354735842,0,-0.10989747488395143,0.08392145243933602
6.966966966966967,2,-0.09975723962842094,0,-0.10628607248109921,0.08389618547220105
6.981981981981982,2,-0.09797295624109165,0,-0.1044448414831743,0.08368302811851783
6.996996996996997,2,-0.09794845308005459,0,-0.1043442212417373,0.08329301376447222
7.012012012012012,2,-0.09963991617380193,0,-0.10594116271645594,0.08274015094074018
7.027027027027027,2,-0.10299167739373165,0,-0.10918082345980945,0.08204076777223043
7.042042042042042,2,-0.10793773787431797,0,-0.11399808879017809,0.08121283476436884
7.057057057057057,2,-0.1144030863357586,0,-0.1203188890668076,0.08027529016160145
7.072072072072072,2,-0.12230480622374779,0,-0.12806130628726006,0.07924739000352028
7.087087087087087,2,-0.131552984800494,0,-0.13713648275646143,0.07814810356841674
7.102102102102102,2,-0.14205145230020655,0,-0.14744935974131562,0.07699557394949808
7.117117117117117,2,-0.1536983898273506,0,-0.15889928464094882,0.07580666259041986
7.132132132132132,2,-0.1663868509027715,0,-0.1713805313646734,0.07459659505730994
7.147147147147147,2,-0.18000524368881932,0,-0.18478278059532716,0.07337872244181112
7.162162162162162,2,-0.19443781929340334,0,-0.19899160482059355,0.0721644080122672
7.177177177177177,2,-0.20956520659015457,0,-0.21388899792040045,0.07096304182882543
7.192192192192192,2,-0.22526502620440594,0,-0.2293539812625287,0.06978217726471486
7.207207207207207,2,-0.24141260630245664,0,-0.24526330832026305,0.06862777351783708
7.222222222222222,2,-0.2578818112882839,0,-0.261492278510093,0.06750451850287696
7.237237237237237,2,-0.2745459822642595,0,-0.2779156590577438,0.06641619848816548
7.252252252252252,2,-0.291278976037193,0,-0.2944087020941786,0.06536607594282813
7.267267267267267,2,-0.3079562784671376,0,-0.3108482337231008,0.06435723638217238
7.282282282282282,2,-0.32445615894433344,0,-0.32711378329295177,0.06339286901037232
7.297297297297297,2,-0.34066082649538243,0,-0.34308871522203127,0.06247645436582058
7.312312312312312,2,-0.3564575450075265,0,-0.3586613229324329,0.061611843940788225
7.327327327327327,2,-0.3717396655798337,0,-0.37372584495243555,0.06080323025921811
7.342342342342342,2,-0.3864075379943324,0,-0.38818336695953115,0.06005501922696576
7.357357357357357,2,-0.4003692703497777,0,-0.40194258007838307,0.0593716277928662
7.372372372372372,2,-0.41354131532630517,0,-0.4149203744875009,0.058757237472198985
7.387387387387387,2,-0.4258488724492576,0,-0.42704225750862757,0.05821553707645255
7.402402402402402,2,-0.4372261070877024,0,-0.4382425959434233,0.057749485839284555
7.4174174174174174,2,-0.44761619775943484,0,-0.4484646925769402,0.05736112165091929
7.4324324324324325,2,-0.45697123273780704,0,-0.45766071567777566,0.057051429688721705
7.4474474474474475,2,-0.46525198428369363,0,-0.46579150735254526,0.05682027623258752
7.4624624624624625,2,-0.4724275936241194,0,-0.47282630133675557,0.056666402865148624
7.4774774774774775,2,-0.4784752018944225,0,-0.4787423830380991,0.0565874692566813
7.4924924924924925,2,-0.48337956172221674,0,-0.4835247244260647,0.05658012934865296
7.5075075075075075,2,-0.4871326612257688,0,-0.48716562390502616,0.056640126174590646
7.5225225225225225,2,-0.4897333873347778,0,-0.4896643769774497,0.056762394190391766
7.5375375375375375,2,-0.49118724901033795,0,-0.4910269977481498,0.056941163637176655
7.5525525525525525,2,-0.49150617366576294,0,-0.49126600462653525,0.05717006765677577
7.5675675675675675,2,-0.49070838238644066,0,-0.4904002764373115,0.05744225818841125
7.5825825825825826,2,-0.4888183418944867,0,-0.4884549780066982,0.05775053995222833
7.597597597597598,2,-0.4858667840333736,0,-0.4854615475585435,0.05808753237774792
7.612612612612613,2,-0.48189077723238294,0,-0.4814577322833608,0.058445866979633596
7.627627627627628,2,-0.4769338292644961,0,-0.4764876535237294,0.05881842272640558
7.642642642642643,2,-0.47104599688466414,0,-0.47060187937988596,0.05919859511188045
7.657657657657658,2,-0.4642839758067197,0,-0.4638574803426203,0.05958058695003099
7.672672672672673,2,-0.4567111440440823,0,-0.4563180428985197,0.0599597015695426
7.687687687687688,2,-0.4483975329029411,0,-0.44805361693657186,0.06033261331256626
7.702702702702703,2,-0.43941970277113646,0,-0.4391405751369616,0.060697587155219924
7.717717717717718,2,-0.4298605050729056,0,-0.4296613661689448,0.061054619715968816
7.732732732732733,2,-0.4198087170332629,0,-0.4197041481971888,0.061405478349772245
7.747747747747748,2,-0.40935854180268555,0,-0.40936229454640405,0.06175362335693986
7.762762762762763,2,-0.3986089725679705,0,-0.3987337689991718,0.06210400985525437
7.777777777777778,2,-0.38766302504882333,0,-0.3879203736821657,0.062462779207669836
7.792792792792793,2,-0.3766268478324555,0,-0.3770268774416002,0.06283686313568015
7.807807807807808,2,-0.3656087240133783,0,-0.3661600367078417,0.06323353452833189
7.822822822822823,2,-0.3547179804099878,0,-0.355427523907216,0.06365994531297371
7.837837837837838,2,-0.3440638222171788,0,-0.34493678044592857,0.0641226920232063
7.852852852852853,2,-0.3337541114823164,0,-0.3347938122650104,0.06462744341966896
7.867867867867868,2,-0.3238941075532952,0,-0.32510194617573324,0.06517865262966885
7.882882882882883,2,-0.31458518701987914,0,-0.31596056495203173,0.06577936106185556
7.897897897897898,2,-0.30592356005178234,0,-0.30746383883512085,0.06643108600165633
7.912912912912913,2,-0.2979989997789585,0,-0.29969947102120387,0.06713377160007465
7.927927927927928,2,-0.29089360170280926,0,-0.29274747509092086,0.06788577649763511
7.942942942942943,2,-0.28468059115742217,0,-0.28667900329466234,0.06868387175090537
7.957957957957958,2,-0.2794231984689141,0,-0.2815552460605205,0.06952322957586836
7.972972972972973,2,-0.2751736234306212,0,-0.2774264248042464,0.07039739476484241
7.987987987987988,2,-0.27197211262807947,0,-0.27433090171750013,0.07129824365943062
8.003003003003004,2,-0.2698461745357875,0,-0.27229443123092056,0.07221594730863068
8.018018018018019,2,-0.26880995768184573,0,-0.2713295778175942,0.07313896348995144
8.033033033033034,2,-0.26886381611556626,0,-0.27143532331135645,0.07405408522491726
8.048048048048049,2,-0.2699940836300921,0,-0.27259688369469887,0.07494657107273206
8.063063063063064,2,-0.2721730735888913,0,-0.27478575029317165,0.07580037568550892
8.078078078078079,2,-0.275359314902522,0,-0.27795996365729575,0.07659848939883449
8.093093093093094,2,-0.2794980270409811,0,-0.28206462050694514,0.07732338480196983
8.108108108108109,2,-0.2845218284778855,0,-0.28703260553625376,0.07795755791335791
8.123123123123124,2,-0.290351664309213,0,-0.29278553133418334,0.07848414298342017
8.138138138138139,2,-0.2968979306902788,0,-0.2992348619118638,0.07888757373477054
8.153153153153154,2,-0.304061766878178,0,-0.30628318903474666,0.0791542602188524
8.168168168168169,2,-0.31173648062804227,0,-0.31382562628853555,0.07927324923953284
8.183183183183184,2,-0.31980906986256524,0,-0.3217512839090249,0.07923683706611716
8.198198198198199,2,-0.328161803082229,0,-0.32994478797672,0.07904110542715917
8.213213213213214,2,-0.3366738228340144,0,-0.33828781046108863,0.07868635502348369
8.228228228228229,2,-0.34522274040786854,0,-0.3466605814069771,0.07817741454071486
8.243243243243244,2,-0.3536861952950174,0,-0.35494336071261245,0.07752380696035507
8.258258258258259,2,-0.3619433592048774,0,-0.36301785376200935,0.0767397585385394
8.273273273273274,2,-0.36987637092375253,0,-0.3707685619095659,0.07584403895137448
8.288288288288289,2,-0.37737169434579027,0,-0.3780840647699449,0.07485962380600225
8.303303303303304,2,-0.38432139702828366,0,-0.3848582358440354,0.07381317329677872
8.318318318318319,2,-0.3906243501610663,0,-0.3909913957728161,0.0727343239568711
8.333333333333334,2,-0.3961873526029166,0,-0.39639140821546526,0.0716547953804031
8.348348348348349,2,-0.400926181525649,0,-0.40097472197617173,0.0706073219874755
8.363363363363364,2,-0.40476657031542973,0,-0.4046673597585318,0.06962443287852862
8.378378378378379,2,-0.40764511099666084,0,-0.40740584921561246,0.06873712134404361
8.393393393393394,2,-0.4095100740185698,0,-0.4091380863682631,0.06797346869310765
8.408408408408409,2,-0.41032213336137385,0,-0.4098241156853424,0.06735731112594302
8.423423423423424,2,-0.4100549802404431,0,-0.409436805914938,0.06690705698733183
8.438438438438439,2,-0.40869580489686996,0,-0.4079623968639435,0.06663476699019501
8.453453453453454,2,-0.4062456236939815,0,-0.405400890382541,0.06654559539072023
8.468468468468469,2,-0.4027194285041336,0,-0.4017662592804991,0.0666376540750989
8.483483483483484,2,-0.39814613749112315,0,-0.39708645100001855,0.06690230968789379
8.498498498498499,2,-0.39256833095165916,0,-0.39140316852619783,0.06732486812876809
8.513513513513514,2,-0.38604176268288254,0,-0.3847714188677547,0.06788555483542486
8.528528528528529,2,-0.37863464592944834,0,-0.3772588288593704,0.06856067373169895
8.543543543543544,2,-0.37042672263663373,0,-0.368944738197924,0.06932382594124957
8.558558558558559,2,-0.36150813463494763,0,-0.35991908960271735,0.07014708746677698
8.573573573573574,2,-0.35197812458130606,0,-0.3502811448733413,0.0710020746844954
8.588588588588589,2,-0.34194360210170927,0,-0.340138062621218,0.07186085874171089
8.603603603603604,2,-0.3315176158955963,0,-0.329603378002446,0.07269671800959097
8.618618618618619,2,-0.3208177750925045,0,-0.31879542658594134,0.07348473811812246
8.633633633633634,2,-0.30996466271860373,0,-0.30783575355145787,0.07420228110194355
8.64864864864865,2,-0.29908028087249316,0,-0.29684754599913493,0.0748293498920876
8.663663663663664,2,-0.2882865615537708,0,-0.285954120756645,0.07534887359932972
8.67867867867868,2,-0.27770396968760325,0,-0.27527749332744744,0.07574693458510351
8.693693693693694,2,-0.2674502165338852,0,-0.26493704623203773,0.0760129517639762
8.70870870870871,2,-0.25763909318885125,0,-0.25504830763608327,0.07613982714633373
8.723723723723724,2,-0.24837942605279623,0,-0.2457218444379964,0.0761240552420395
8.73873873873874,2,-0.2397741495884887,0,-0.23706226838062297,0.0759657883199254
8.753753753753754,2,-0.2319194868837622,0,-0.22916734958190021,0.07566884520500884
8.76876876876877,2,-0.2249042256987444,0,-0.22212722931067422,0.07524064771350157
8.783783783783784,2,-0.21880907685245377,0,-0.21602372287522267,0.07469206728197905
8.7987987987988,2,-0.21370610282531236,0,-0.21092970401495822,0.07403716506175281
8.813813813813814,2,-0.209658207012348,0,-0.20690856395061316,0.0732928118842106
8.82882882882883,2,-0.20671867774148192,0,-0.20401374093395186,0.07247818017830006
8.843843843843844,2,-0.20493078550095153,0,-0.2022883193751875,0.0716141081981573
8.85885885885886,2,-0.20432743631966857,0,-0.20176470102987112,0.07072234771382614
8.873873873873874,2,-0.20493088846404828,0,-0.2024643539273607,0.06982471923995415
8.88888888888889,2,-0.20675254316686184,0,-0.20439764739351896,0.06894221300731679
8.903903903903904,2,-0.20979282268290483,0,-0.207563783398885,0.06809408757576532
8.91891891891892,2,-0.2140411503631543,0,-0.21195083536772794,0.06729702883934499
8.933933933933934,2,-0.2194760475416073,0,-0.21753590541721926,0.0665644372977148
8.94894894894895,2,-0.22606536081879644,0,-0.22428540974933675,0.06590590816856809
8.963963963963964,2,-0.23376663086784008,0,-0.2321554996588915,0.06532695565804132
8.97897897897898,2,-0.24252761031797115,0,-0.2410926224814161,0.06482901003074425
8.993993993993994,2,-0.25228693377666617,0,-0.25103422296376293,0.06440968704325989
9.00900900900901,2,-0.26297493786622345,0,-0.2619095812061904,0.0640632988412244
9.024024024024024,2,-0.27451462353287004,0,-0.27364077871682774,0.06378154927532478
9.03903903903904,2,-0.28682274711308986,0,-0.28614377945455316,0.06355433949170794
9.054054054054054,2,-0.299811020998218,0,-0.29932960821949056,0.06337060402755426
9.06906906906907,2,-0.31338739951048883,0,-0.3131056045700182,0.06321910318877194
9.084084084084084,2,-0.3274574210706766,0,-0.3273767267742206,0.06308911167344318
9.0990990990991,2,-0.341925574161588,0,-0.34204687730208205,0.06297096256104673
9.114114114114114,2,-0.3566966522072457,0,-0.3570202191843237,0.06285642623427706
9.12912912912913,2,-0.3716770614872126,0,-0.3722024513502079,0.06273892262678736
9.144144144144144,2,-0.38677604672467186,0,-0.3875020109471244,0.06261358055222326
9.15915915915916,2,-0.4019068010892053,0,-0.4028311717594134,0.062477168911572
9.174174174174174,2,-0.41698743101971614,0,-0.41810701027049324,0.0623279311722549
9.18918918918919,2,-0.43194175138641183,0,-0.4332522146860443,0.06216535700175392
9.204204204204204,2,-0.4466998928670977,0,-0.44819571731782404,0.06198992392801635
9.21921921921922,2,-0.46119871072080937,0,-0.46287313698581606,0.06180283815077104
9.234234234234235,2,-0.4753819920409364,0,-0.4772270252969717,0.06160579799017327
9.24924924924925,2,-0.48920046665385575,0,-0.4912069184677423,0.06140079680032883
9.264264264264265,2,-0.502611634675621,0,-0.5047692043593586,0.06118997530328214
9.27927927927928,2,-0.5155794309371784,0,-0.5178768221218987,0.06097552687260482
9.294294294294295,2,-0.5280737526703589,0,-0.5304988188186612,0.06075965375327895
9.30930930930931,2,-0.5400698817077929,0,-0.5426097931829538,0.06054456774049067
9.324324324324325,2,-0.5515478357689299,0,-0.5541892608787753,0.06033252544246222
9.33933933933934,2,-0.5624916850483515,0,-0.5652209780363232,0.060125885794505514
9.354354354354355,2,-0.5728888702516896,0,-0.5756922602829571,0.059927175845163126
9.36936936936937,2,-0.5827295564819577,0,-0.5855933329918291,0.05973914996893915
9.384384384384385,2,-0.5920060540857188,0,-0.5949167451502844,0.059564827684830936
9.3993993993994,2,-0.6007123329073442,0,-0.603656874339811,0.05940749640785151
9.414414414414415,2,-0.6088436506065554,0,-0.6118095441321725,0.05927066800250301
9.42942942942943,2,-0.616396309045376,0,-0.6193717681113383,0.05915798213099848
9.444444444444445,2,-0.6233675455532965,0,-0.6263416271277326,0.059073055075627656
9.45945945945946,2,-0.6297555584625857,0,-0.6327182786872784,0.05901927963934725
9.474474474474475,2,-0.6355596590115743,0,-0.6385020899674057,0.05899958921872496
9.48948948948949,2,-0.6407805348839991,0,-0.6436948791983896,0.05901620621105562
9.504504504504505,2,-0.6454206046171467,0,-0.6483002443675976,0.059070400382198504
9.51951951951952,2,-0.6494844371699051,0,-0.6523239536522255,0.059162285516848316
9.534534534534535,2,-0.652979207344952,0,-0.655774368849464,0.059290681709462764
9.54954954954955,2,-0.6559151556928371,0,-0.6586628714627571,0.059453065678959895
9.564564564564565,2,-0.658306021092333,0,-0.6610042610528287,0.05964562285920102
9.57957957957958,2,-0.6601694154133075,0,-0.6628170969309485,0.05986340380633006
9.594594594594595,2,-0.6615271124433019,0,-0.6641239571475797,0.06010057529268459
9.60960960960961,2,-0.6624052274263781,0,-0.6649515928370627,0.06035074515975735
9.624624624624625,2,-0.6628342688786414,0,-0.6653309610905607,0.060607331248467136
9.63963963963964,2,-0.6628490505105158,0,-0.665297125376852,0.06086393969926823
9.654654654654655,2,-0.6624884577716399,0,-0.6648890188198112,0.06111471714953816
9.66966966966967,2,-0.6617950704020426,0,-0.6641490720687915,0.061354644728545335
9.684684684684685,2,-0.6608146490965995,0,-0.6631227137665262,0.061579748610722955
9.6996996996997,2,-0.6595955006672084,0,-0.6618577574516505,0.06178721124205189
9.714714714714715,2,-0.6581877416530659,0,-0.6604036938841469,0.06197537804133539
9.72972972972973,2,-0.6566424849564966,0,-0.6588109120449767,0.062143665204563214
9.744744744744745,2,-0.6550109775844025,0,-0.6571298752697382,0.062292384071763324
9.75975975975976,2,-0.6533437198092361,0,-0.6554102810068686,0.06242250534583202
9.774774774774775,2,-0.651689596929779,0,-0.6537002334619061,0.0625353914767001
9.78978978978979,2,-0.6500950542620562,0,-0.6520454578632516,0.06263252722183273
9.804804804804805,2,-0.6486033440335517,0,-0.6504885832721481,0.06271527661648094
9.81981981981982,2,-0.6472538695650889,0,-0.6490685178247267,0.06278468961587216
9.834834834834835,2,-0.6460816476506053,0,-0.6478199361609992,0.06284137421867717
9.84984984984985,2,-0.6451169046059068,0,-0.6467728937518998,0.0628854410074808
9.864864864864865,2,-0.6443848153390812,0,-0.645952577129279,0.06291651799630471
9.87987987987988,2,-0.6439053883356634,0,-0.6453791929551473,0.06293382568502102
9.894894894894895,2,-0.6436934930173582,0,-0.6450679927702331,0.06293629628456746
9.90990990990991,2,-0.6437590198930938,0,-0.6450294244843209,0.06292271781155445
9.924924924924925,2,-0.6441071586142438,0,-0.6452693965414363,0.0628918833226909
9.93993993993994,2,-0.644738774756327,0,-0.6457896364984972,0.06284272771123252
9.954954954954955,2,-0.6456508630817989,0,-0.6465881227145054,0.06277443863544727
9.96996996996997,2,-0.6468370533075656,0,-0.6476595660931911,0.06268653351636708
9.984984984984985,2,-0.6482881440254691,0,-0.6489959183956405,0.06257890029453535
10,2,-0.6499926413354882,0,-0.650586884490327,0.06245180499390227
10.015015015015015,2,-0.6519372808058806,0,-0.6524204179035124,0.0623058734623545
10.03003003003003,2,-0.6541075143717964,0,-0.6544831819756071,0.06214205748643157
10.045045045045045,2,-0.6564879474878088,0,-0.6567609625764078,0.06196159656974297
10.06006006006006,2,-0.659062716007432,0,-0.6592390224189179,0.061765985997414855
10.075075075075075,2,-0.6618157966211201,0,-0.6619023912703813,0.06155695956652084
10.09009009009009,2,-0.6647312490022076,0,-0.6647360905373015,0.061336491902977096
10.105105105105105,2,-0.6677933918681771,0,-0.667725294575371,0.06110682108904809
10.12012012012012,2,-0.6709869187686142,0,-0.6708554344593876,0.060870487929233275
10.135135135135135,2,-0.6742969623977362,0,-0.6741122527001069,0.06063038411197508
10.15015015015015,2,-0.6777091184676297,0,-0.6774818194170814,0.060389798240365264
10.165165165165165,2,-0.6812094415738187,0,-0.6809505217148253,0.06015244656875153
10.18018018018018,2,-0.6847844259838838,0,-0.6845050384508301,0.05992247455189663
10.195195195195195,2,-0.6884209838737808,0,-0.6881323122506977,0.059704416155302
10.21021021021021,2,-0.6921064322678913,0,-0.6918195295728636,0.059503100376345555
10.225225225225225,2,-0.6958284979016722,0,-0.6955541179359714,0.05932349858587987
10.24024024024024,2,-0.6995753465687314,0,-0.6993237672049243,0.05917051199168136
10.255255255255255,2,-0.7033356404310542,0,-0.7031164792193721,0.059048705424944656
10.27027027027027,2,-0.7070986234940795,0,-0.7069206471954387,0.05896200116754358
10.285285285285285,2,-0.7108542322272617,0,-0.7107251634101975,0.05891335378344434
10.3003003003003,2,-0.7145932253954,0,-0.714519550873325,0.05890443277144096
10.315315315315315,2,-0.7183073247803867,0,-0.718294112186997,0.05893534314496676
10.33033033033033,2,-0.7219893567946926,0,-0.7220400867676847,0.05900441382205155
10.345345345345345,2,-0.7256333841294543,0,-0.7257498061970508,0.05910807955821603
10.36036036036036,2,-0.7292348165778396,0,-0.7294168367854413,0.0592408744022592
10.375375375375375,2,-0.7327904909880676,0,-0.7330360985155324,0.059395544383485425
10.39039039039039,2,-0.7362987118192057,0,-0.7366039503674366,0.05956327597616041
10.405405405405405,2,-0.7397592458333062,0,-0.7401182335312319,0.05973402661110303
10.42042042042042,2,-0.7431732668631623,0,-0.7435782660573177,0.05989693560850993
10.435435435435435,2,-0.746543249144588,0,-0.7469847849135874,0.06004078926937781
10.45045045045045,2,-0.7498728102077673,0,-0.7503398340298676,0.06015451262588048
10.465465465465465,2,-0.7531665066329025,0,-0.7536465995389724,0.06022766200717572
10.48048048048048,2,-0.7564295879846942,0,-0.7569091959175136,0.06025089620941042
10.495495495495495,2,-0.7596677158927192,0,-0.7601324089704542,0.060216408619871126
10.51051051051051,2,-0.7628866565303594,0,-0.7633214035137745,0.060118307191381774
10.525525525525525,2,-0.7660919556898834,0,-0.7664814051492758,0.059952932994607605
10.54054054054054,2,-0.7692886063018862,0,-0.769617366685286,0.05971911078422441
10.555555555555555,2,-0.7724807186551186,0,-0.772733630545578,0.05941832646143203
10.57057057057057,2,-0.7756712037782363,0,-0.775833598941886,0.05905482658056011
10.585585585585585,2,-0.7788614804651085,0,-0.7789194236730913,0.05863563438094754
10.6006006006006,2,-0.7820512162476011,0,-0.7819917271543438,0.05817047561484816
10.615615615615615,2,-0.785238112200754,0,-0.785049365654888,0.057671606207935745
10.63063063063063,2,-0.7884177407384498,0,-0.7880892447061293,0.05715353319134606
10.645645645645645,2,-0.7915834444463847,0,-0.791106195201762,0.05663262118129586
10.66066066066066,2,-0.7947263024365582,0,-0.7940929168325195,0.05612657984029181
10.675675675675675,2,-0.7978351686572002,0,-0.7970399931904001,0.05565383406316522
10.69069069069069,2,-0.8008967840697218,0,-0.7999359801944724,0.0552327885941126
10.705705705705705,2,-0.8038959616925045,0,-0.802767566538583,0.054881012181512236
10.72072072072072,2,-0.806815840365191,0,-0.8055198017989623,0.05461438187316997
10.735735735735735,2,-0.8096381999269647,0,-0.8081763848706561,0.054446242964358724
10.75075075075075,2,-0.8123438275929791,0,-0.8107200027544584,0.05438665067109567
10.765765765765765,2,-0.8149129229300265,0,-0.813132707617466,0.054441761872413126
10.78078078078078,2,-0.8173255272218747,0,-0.8153963186927446,0.05461343656017284
10.795795795795796,2,-0.8195619623516303,0,-0.8174928350944266,0.05489908892183682
10.81081081081081,2,-0.8216032646848688,0,-0.81940484604111,0.055291800493475006
10.825825825825826,2,-0.8234316007623486,0,-0.82111592623883,0.05578067832946572
10.84084084084084,2,-0.8250306537341378,0,-0.822611006111413,0.05635141604915995
10.855855855855856,2,-0.826385972116458,0,-0.8238767089367485,0.05698699976604012
10.87087087087087,2,-0.8274852752962423,0,-0.8249016494583634,0.05766849607011897
10.885885885885886,2,-0.8283187128972948,0,-0.8256766908883524,0.058375864066272695
10.9009009009009,2,-0.8288790773429304,0,-0.8261951591263473,0.05908874454563276
10.915915915915916,2,-0.8291619704631057,0,-0.8264530142821724,0.05978719271760788
10.93093093093093,2,-0.8291659256659059,0,-0.8264489800921441,0.060452333307417165
10.945945945945946,2,-0.8288924870069987,0,-0.8261846315517034,0.061066926311569354
10.96096096096096,2,-0.8283462455450702,0,-0.82566444014609,0.061615837720865416
10.975975975975976,2,-0.8275348318632084,0,-0.8248957746347291,0.0620864124655459
10.99099099099099,2,-0.8264688618337791,0,-0.823888853690828,0.06246874763964384
11.006006006006006,2,-0.8251618309140434,0,-0.8226566451111555,0.06275586381179896
11.02102102102102,2,-0.8236299507896538,0,-0.821214705091078,0.06294377194240004
11.036036036036036,2,-0.8218919213107604,0,-0.8195809504746985,0.06303143392061707
11.05105105105105,2,-0.8199686306047128,0,-0.8177753571430911,0.06302061658186896
11.066066066066066,2,-0.8178827771304761,0,-0.8158195789090583,0.06291564257012701
11.08108108108108,2,-0.8156584092930175,0,-0.8137364834528689,0.06272304658477607
11.096096096096096,2,-0.8133203809912543,0,-0.8115496048604283,0.06245115210024992
11.11111111111111,2,-0.8108937249692102,0,-0.8092825160182135,0.062109590941012115
11.126126126126126,2,-0.8084029498459825,0,-0.8069581282151148,0.061708795192505723
11.14114114114114,2,-0.8058712709487307,0,-0.8045979295067249,0.061259496646130375
11.156156156156156,2,-0.8033197892930828,0,-0.8022211774309567,0.06077227203676257
11.17117117117117,2,-0.8007666370109822,0,-0.799844065294931,0.06025717159418336
11.186186186186186,2,-0.7982261110404512,0,-0.7974788843297524,0.059723463162179455
11.2012012012012,2,-0.7957078198626361,0,-0.795133206469033,0.059179514265257
11.216216216216216,2,-0.7932158704680843,0,-0.7928091143644911,0.05863282074561315
11.23123123123123,2,-0.7907481245767813,0,-0.7905025065740656,0.058090174435845736
11.246246246246246,2,-0.7882955544609926,0,-0.7882025067191551,0.05755794578602316
11.26126126126126,2,-0.7858417295381519,0,-0.7858910058445582,0.05704244258946049
11.276276276276276,2,-0.7833624651557234,0,-0.7835423671822217,0.056550294868137695
11.29129129129129,2,-0.7808256645270258,0,-0.7811233218636919,0.056088809974429714
11.306306306306306,2,-0.7781913833300597,0,-0.7785930825742189,0.055666241805304086
11.32132132132132,2,-0.7754121436871946,0,-0.7759036993242061,0.055291923938039764
11.336336336336336,2,-0.772433519681579,0,-0.773000677011183,0.05497622834506545
11.35135135135135,2,-0.7691950098288961,0,-0.7698238678596399,0.054730328717101095
11.366366366366366,2,-0.7656312027054607,0,-0.7663086428720505,0.054565769520553385
11.381381381381381,2,-0.7616732301329989,0,-0.7623873350258735,0.054493867219358526
11.396396396396396,2,-0.7572504881324086,0,-0.7579909333284627,0.0545249959554191
11.411411411411411,2,-0.7522925898444529,0,-0.753050991569422,0.05466783245601379
11.426426426426426,2,-0.7467314977312742,0,-0.7475016996334681,0.05492864919963556
11.441441441441441,2,-0.7405037659335568,0,-0.7412820498300149,0.05531074643443845
11.456456456456456,2,-0.7335528092391177,0,-0.7343380173571786,0.05581410006256673
11.471471471471471,2,-0.7258311043865273,0,-0.7266246643109375,0.056435274757072273
11.486486486486486,2,-0.717302223928183,0,-0.718108072003169,0.0571676149091218
11.501501501501501,2,-0.7079426038047486,0,-0.7087670078479957,0.058001687685727187
11.516516516516516,2,-0.6977429537673552,0,-0.698594241261935,0.05892592042082418
11.531531531531531,2,-0.6867092347454652,0,-0.6875974377815264,0.059927354363427894
11.546546546546546,2,-0.6748631483519479,0,-0.6757995811022699,0.06099243047733126
11.561561561561561,2,-0.66224210939404,0,-0.6632388974977627,0.062107729088263286
11.576576576576576,2,-0.6488987004340568,0,-0.6499682840982997,0.06326060008256688
11.591591591591591,2,-0.6348996357467113,0,-0.6360542695321756,0.0644396398516386
11.606606606606606,2,-0.6203242880870983,0,-0.6215755602009021,0.0656349916303715
11.621621621621621,2,-0.6052628534427003,0,-0.6066212459846632,0.06683846483005881
11.636636636636636,2,-0.5898142448418927,0,-0.5912887539678935,0.06804348508152845
11.651651651651651,2,-0.5740838154414839,0,-0.57568164699301,0.06924489945079403
11.666666666666666,2,-0.5581810133317655,0,-0.5599073653414431,0.07043867055575585
11.681681681681681,2,-0.5422170662434638,0,-0.5440750050978542,0.07162149912346331
11.696696696696696,2,-0.5263027845994356,0,-0.5282932167825826,0.072790416915368375
11.711711711711711,2,-0.5105465574517593,0,-0.5126682939825635,0.07394239096472412
11.726726726726726,2,-0.49505259926351397,0,-0.4973025054556244,0.07507397588711844
11.741741741741741,2,-0.47991948769975257,0,-0.4822927069728533,0.07618104404859695
11.756756756756756,2,-0.4652390148938374,0,-0.46772925226370965,0.07725861431142932
11.771771771771771,2,-0.45109535811726903,0,-0.4536952068346826,0.07830078990043433
11.786786786786786,2,-0.43756456117290576,0,-0.44026585483161795,0.07930080576192713
11.801801801801801,2,-0.4247143056256762,0,-0.42750847789463187,0.08025117670052176
11.816816816816816,2,-0.41260394138255435,0,-0.4154823762365022,0.08114393042538995
11.831831831831831,2,-0.40128473911421547,0,-0.4042390958818062,0.08197090490526816
11.846846846846846,2,-0.3908003223912801,0,-0.3938228219194669,0.08272408720204155
11.861861861861861,2,-0.38118723490576406,0,-0.38427089545861765,0.0833959709444979
11.876876876876876,2,-0.372475597439273,0,-0.37561441143421614,0.08397991127946243
11.891891891891891,2,-0.3646898100090772,0,-0.367878855211285,0.08447045883931714
11.906906906906906,2,-0.3578492566054351,0,-0.36108473787205103,0.0848636573439916
11.921921921921921,2,-0.35196897293748236,0,-0.355248193003562,0.08515729237472551
11.936936936936936,2,-0.3470602415267021,0,-0.3503815016800169,0.08535108125847347
11.951951951951951,2,-0.343131083307131,0,-0.34649351716922006,0.08544679574505235
11.966966966966966,2,-0.34018662065651867,0,-0.343589966744441,0.08544831033207806
11.981981981981981,2,-0.33822929357113796,0,-0.34167361491418186,0.08536157000305183
11.996996996996996,2,-0.33725891857100876,0,-0.3407442804082976,0.08519447228362513
12.012012012012011,2,-0.33727258886914524,0,-0.3407987082913466,0.08495666049525277
12.027027027027026,2,-0.33826442420823677,0,-0.34183030836592265,0.0846592284922967
12.042042042042041,2,-0.34022518921818606,0,-0.34382878113355325,0.08431434242617197
12.057057057057056,2,-0.3431418096088078,0,-0.34677966233933516,0.08393479221686494
12.072072072072071,2,-0.34699682518755726,0,-0.3506638256943158,0.08353349387155988
12.087087087087086,2,-0.3517678266106693,0,-0.35545698979328566,0.08312297233196624
12.102102102102101,2,-0.3574269278933027,0,-0.3611292785859624,0.0827148613256338
12.117117117117116,2,-0.3639403280592161,0,-0.36764488424940406,0.08231945967179798
12.132132132132131,2,-0.3712680122085644,0,-0.3749618765183682,0.08194538092337937
12.147147147147146,2,-0.37936363447568466,0,-0.3830321935015713,0.08159932440357187
12.162162162162161,2,-0.38817461316918894,0,-0.3918018363349097,0.08128598142830906
12.177177177177176,2,-0.39764245279077115,0,-0.4012112748157394,0.08100807320174461
12.192192192192191,2,-0.4077032901284087,0,-0.41119605495246336,0.08076650004470656
12.207207207207206,2,-0.4182886440932247,0,-0.42168758388431826,0.08056056893023258
12.222222222222221,2,-0.4293263333896426,0,-0.4326140545631701,0.08038826046999406
12.237237237237236,2,-0.4407415142285463,0,-0.44390146332856073,0.08024649846066635
12.252252252252251,2,-0.4524577833698739,0,-0.4554746689337877,0.08013139379108103
12.267267267267266,2,-0.4643982903843373,0,-0.4672584419654961,0.0800384472734292
12.282282282282281,2,-0.47648680698081636,0,-0.47917845859376906,0.0799627094332524
12.297297297297296,2,-0.4886487097148175,0,-0.4911622013207845,0.07989890639741402
12.312312312312311,2,-0.500811844049625,0,-0.5031397406331347,0.07984154773025763
12.327327327327327,2,-0.5129072510197988,0,-0.51504438381941,0.0797850337440526
12.342342342342342,2,-0.5248697510880005,0,-0.5268131893446457,0.07972377708095559
12.357357357357357,2,-0.5366383918426798,0,-0.5383873559286091,0.07965234769930278
12.372372372372372,2,-0.5481567759489906,0,-0.5497125040061696,0.07956564354873037
12.387387387387387,2,-0.5593732926260093,0,-0.5607388730434281,0.07945908272752196
12.402402402402402,2,-0.5702412796428536,0,-0.5714214610549422,0.0793288078040295
12.417417417417417,2,-0.5807191434813924,0,-0.5817201327010398,0.0791718896675984
12.432432432432432,2,-0.5907704632079872,0,-0.591599719830904,0.07898651665935837
12.447447447447447,2,-0.6003640991799398,0,-0.6010301337044928,0.0787721544216944
12.462462462462462,2,-0.6094743215101768,0,-0.6099865018811473,0.07852966242703521
12.477477477477477,2,-0.6180809657854244,0,-0.6184493354497635,0.07826135415072606
12.492492492492492,2,-0.6261696154523728,0,-0.6264047244553975,0.0779709892226327
12.507507507507507,2,-0.6337318021347699,0,-0.6338445516151375,0.07766368777185818
12.522522522522522,2,-0.6407652075177329,0,-0.6407667072778432,0.07734575991743947
12.537537537537537,2,-0.6472738439394762,0,-0.6471752826265265,0.07702444738559765
12.552552552552552,2,-0.6532681860680063,0,-0.6530807138833248,0.07670757989407014
12.567567567567567,2,-0.6587652235728925,0,-0.6584998482343724,0.07640315630480445
12.582582582582582,2,-0.663788404993227,0,-0.663455902721819,0.07611886923567623
12.597597597597597,2,-0.668367446340693,0,-0.6679782906677328,0.0758616009322556
12.612612612612612,2,-0.672537984393306,0,-0.67210229629207,0.07563692632202275
12.627627627627627,2,-0.6763410638394888,0,-0.6758685867835057,0.075448664596172
12.642642642642642,2,-0.6798224587743763,0,-0.6793225615987984,0.07529852174863855
12.657657657657657,2,-0.6830318415419302,0,-0.6825135503420033,0.07518586214418256
12.672672672672672,2,-0.6860218243117959,0,-0.6854938821292682,0.07510763724026688
12.687687687687687,2,-0.688846909717533,0,-0.6883178596912118,0.07505848507101524
12.702702702702702,2,-0.6915623950713973,0,-0.691040679458243,0.07503099708229208
12.717717717717717,2,-0.6942232790836954,0,-0.6937173435738354,0.0750161320452907
12.732732732732732,2,-0.6968832200587192,0,-0.6964016105961368,0.07500374267861774
12.747747747747747,2,-0.699593590158783,0,-0.6991450284395522,0.07498317120897173
12.762762762762762,2,-0.7024026620212418,0,-0.7019960862186767,0.07494386627380246
12.777777777777777,2,-0.7053549527563926,0,-0.7049995118679657,0.07487597508549279
12.792792792792792,2,-0.7084907374476154,0,-0.7081957308263076,0.07477087055111735
12.807807807807807,2,-0.7118457311472354,0,-0.7116204889611533,0.07462158155209639
12.822822822822824,2,-0.7154509263650838,0,-0.715304631509917,0.07442310429632559
12.837837837837839,2,-0.71933256328990125,0,-0.7192740202065329,0.0741725823211613
12.852852852852854,2,-0.723512203217807,0,-0.7235495637113468,0.07386935155929697
12.867867867867869,2,-0.7280068722372719,0,-0.7281473323890052,0.07351485454827353
12.882882882882884,2,-0.7328292421052626,0,-0.7330787274389134,0.07311243439332411
12.897897897897899,2,-0.7379878180993324,0,-0.7383506761224238,0.07266702471168227
12.912912912912914,2,-0.7434871088754025,0,-0.7439658288639946,0.07218475675894032
12.927927927927929,2,-0.7493277603086393,0,-0.7499227397052481,0.07167250941233225
12.942942942942944,2,-0.7555066432118264,0,-0.7562160182852808,0.07113743158194087
12.957957957957959,2,-0.7620168930108694,0,-0.7628364485557706,0.07058646958387582
12.972972972972974,2,-0.7688479072821738,0,-0.7697710762385473,0.0700259334454383
12.987987987987989,2,-0.7759853139948473,0,-0.7770032731254511,0.06946113531421977
13.003003003003004,2,-0.7834109289345157,0,-0.7845127913495611,0.06889612949206367
13.018018018018019,2,-0.7911027248087922,0,-0.792275824479262,0.06833357681020477
13.033033033033034,2,-0.7990348367469644,0,-0.8002650945550084,0.06777474631085034
13.048048048048049,2,-0.8071776292083476,0,-0.8084499849365888,0.06721965529337313
13.063063063063064,2,-0.8154978477005397,0,-0.8167967380534359,0.06666733600974396
13.078078078078079,2,-0.823958875264344,0,-0.8252687349001068,0.06611620520796403
13.093093093093094,2,-0.8325211085757002,0,-0.8338268694854813,0.06556450282356853
13.108108108108109,2,-0.8411424619934216,0,-0.8424300265619714,0.06501075955066009
13.123123123123124,2,-0.8497790002632456,0,-0.8510356650104725,0.06445425037893836
13.138138138138139,2,-0.8583856922555247,0,-0.8596005024714115,0.06389539247137538
13.153153153153154,2,-0.866917269498985,0,-0.8680812894856363,0.06333605051403539
13.168168168168169,2,-0.8753291648514081,0,-0.876435653899823,0.06277972015278456
13.183183183183184,2,-0.8835784989195791,0,-0.8846229890243292,0.06223156952730257
13.198198198198199,2,-0.8916250753137193,0,-0.8926053524878071,0.06169832948778183
13.213213213213214,2,-0.8994323409890181,0,-0.9003483374314771,0.06118803424592658
13.228228228228229,2,-0.9069682652374109,0,-0.9078218741491503,0.06070962549760463
13.243243243243244,2,-0.9142060907171755,0,-0.9150009189877714,0.06027244400368757
13.258258258258259,2,-0.921124912496298,0,-0.9218659886589413,0.059885642655342235
13.273273273273274,2,-0.9277100465277265,0,-0.928403502294685,0.05955756338430561
13.288288288288289,2,-0.9339531571623124,0,-0.9346059006140921,0.05929512587409755
13.303303303303304,2,-0.9398521239068002,0,-0.9404715211977711,0.059103277748988686
13.318318318318319,2,-0.9454106400916579,0,-0.9460042205733868,0.058984552821166845
13.333333333333334,2,-0.9506375496644578,0,-0.951212746835938,0.05893877570262341
13.348348348348349,2,-0.9555459420580233,0,-0.9561098799220296,0.05896293819369589
13.363363363363364,2,-0.960152038018464,0,-0.9607113694102082,0.05905125692118102
13.378378378378379,2,-0.964473910471598,0,-0.9650347108491505,0.059195405067454195
13.393393393393394,2,-0.9685300931530744,0,-0.9690978102981608,0.05938489628206254
13.408408408408409,2,-0.9723381352613993,0,-0.9729175924309041,0.05960758812358389
13.423423423423424,2,-0.9759131625540919,0,-0.9765086099552374,0.0598502667895718
13.438438438438439,2,-0.979266504168981,0,-0.9798817113271954,0.0600992744331232
13.453453453453454,2,-0.9824044404046616,0,-0.9830428201820829,0.06034114401843943
13.468468468468469,2,-0.9853271203759567,0,-0.9859918741993883,0.060563212844811726
13.483483483483484,2,-0.9880276906691303,0,-0.988721964024096,0.06075419288363355
13.498498498498499,2,-0.9904916676892177,0,-0.9912187051646878,0.060904682515513224
13.513513513513514,2,-0.9926965780757739,0,-0.9934598681666355,0.06100760917568661
13.528528528528529,2,-0.9946118839383342,0,-0.9954152853253934,0.061058595348317576
13.543543543543544,2,-0.9961992030548913,0,-0.9970470460181616,0.061056241223540746
13.558558558558559,2,-0.997412828623371,0,-0.9983099873935593,0.06100231636016201
13.573573573573574,2,-0.9982005484129386,0,-0.9991524824003287,0.06090185030247489
13.588588588588589,2,-0.9985047587423238,0,-0.9995175224841043,0.060763108891636775
13.603603603603604,2,-0.9982638639634414,0,-0.9993440871210038,0.06059743983814497
13.618618618618619,2,-0.9974139463314646,0,-0.9985687860321023,0.06041896914827897
13.633633633633634,2,-0.9958906836365079,0,-0.997127751852149,0.06024413075668891
13.64864864864865,2,-0.9936314822849824,0,-0.9949587508249936,0.06009101702120382
13.663663663663664,2,-0.9905777815024588,0,-0.9920034667019959,0.05997854933427609
13.67867867867868,2,-0.9866774702737374,0,-0.9882098987869178,0.0599254870151556
13.693693693693694,2,-0.9818873433489043,0,-0.9835347998506193,0.059949318213176526
13.70870870870871,2,-0.9761755074730807,0,-0.9779460647807846,0.060065105556121594
13.723723723723724,2,-0.9695236357642033,0,-0.9714249681154786,0.06028438565879227
13.73873873873874,2,-0.961928959000555,0,-0.9639681400812243,0.06061423742480914
13.753753753753754,2,-0.9534058796701546,0,-0.9555891684763513,0.06105663190360282
13.76876876876877,2,-0.9439870998613196,0,-0.9463197194547323,0.06160815255839413
13.783783783783784,2,-0.9337241686503535,0,-0.9362100850560673,0.06226013151278806
13.7987987987988,2,-0.9226873787612324,0,-0.9253290893004944,0.06299919323014139
13.813813813813814,2,-0.9109649748868983,0,-0.9137633167430665,0.06380814422165375
13.82882882882883,2,-0.8986616748441592,0,-0.9016156652895218,0.06466710710174133
13.843843843843844,2,-0.8858965462721919,0,-0.8890032655192198,0.06555477647294251
13.85885885885886,2,-0.8728003218006423,0,-0.8760548478373335,0.06644967367901476
13.873873873873874,2,-0.8595122703460797,0,-0.8629076725106603,0.06733129350636209
13.88888888888889,2,-0.8461767678365097,0,-0.8497041625783813,0.0681810621229078
13.903903903903904,2,-0.8329397247184726,0,-0.836588393372138,0.06898305560661795
13.91891891891892,2,-0.8199450290551681,0,-0.823702593931984,0.06972445749966544
13.933933933933934,2,-0.8073311534438525,0,-0.8111838054752489,0.07039575898247367
13.94894894894895,2,-0.7952280533364163,0,-0.7991608221235469,0.07099072513864374
13.963963963963964,2,-0.7837544566120614,0,-0.7877515121602159,0.07150616506496908
13.97897897897898,2,-0.7730156128739584,0,-0.7770605875035268,0.07194155251454203
13.993993993993994,2,-0.7631015393089212,0,-0.7671778581383342,0.07229854783370075
14.00900900900901,2,-0.7540857709362385,0,-0.7581769797817157,0.07258047175120179
14.024024024024024,2,-0.746024598749597,0,-0.7501146791334399,0.07279177774340173
14.03903903903904,2,-0.7389567607780414,0,-0.7430304228568906,0.07293756293815015
14.054054054054054,2,-0.7329035387376122,0,-0.7369464842662585,0.07302314861153018
14.06906906906907,2,-0.7278692062861074,0,-0.7318683551653528,0.07305375112077304
14.084084084084084,2,-0.7238417730139539,0,-0.7277854484993665,0.07303425348293974
14.0990990990991,2,-0.7207939700414883,0,-0.7246720392859082,0.07296907761147237
14.114114114114114,2,-0.7186844272400182,0,-0.7224883954717655,0.07286214823442999
14.12912912912913,2,-0.7174589975570316,0,-0.7211820558084919,0.07271693236233301
14.144144144144144,2,-0.7170521898172637,0,-0.7206892176506214,0.07253653327614216
14.15915915915916,2,-0.7173886770513235,0,-0.7209362031066384,0.07232381557405858
14.174174174174174,2,-0.718384852472508,0,-0.7218409768185365,0.07208153784309114
14.18918918918919,2,-0.7199504094872428,0,-0.72331469263427,0.0718124718145537
14.204204204204204,2,-0.7219899255465452,0,-0.7252632495584265,0.0715194910792758
14.21921921921922,2,-0.7244044322868979,0,-0.7275888397170557,0.07120561812276874
14.234234234234235,2,-0.7270929563814039,0,-0.7301914728011574,0.0708740250517721
14.24924924924925,2,-0.7299540169539682,0,-0.7329704627145133,0.07052799031353958
14.264264264264265,2,-0.732887066418325,0,-0.7358258630759649,0.07017082029920847
14.27927927927928,2,-0.7357938622898812,0,-0.7386598389069285,0.06980575028923773
14.294294294294295,2,-0.7385797579644385,0,-0.7413779623284795,0.0694358430814819
14.30930930930931,2,-0.7411549007388386,0,-0.7438904204323836,0.06906390527712841
14.324324324324325,2,-0.7434353255433729,0,-0.7461131237079308,0.06869244021442622
14.33933933933934,2,-0.7453439330580804,0,-0.7479687035508732,0.06832365285092558
14.354354354354355,2,-0.7468113412076086,0,-0.7493873875371262,0.06795951577511275
14.36936936936937,2,-0.7477765996017872,0,-0.7503077414391928,0.06760189762221325
14.384384384384385,2,-0.7481877574476288,0,-0.7506772675613517,0.06725274643318178
14.3993993993994,2,-0.7480022769270148,0,-0.7504528500510081,0.06691431207208627
14.414414414414415,2,-0.747187286103354,0,-0.7496010395756801,0.0665893848597872
14.42942942942943,2,-0.7457196681254313,0,-0.7480981722548934,0.0662815230808204
14.444444444444445,2,-0.7435859867998831,0,-0.7459303210354916,0.06599524065533978
14.45945945945946,2,-0.7407822523890094,0,-0.7430930817183831,0.0657361283215519
14.474474474474475,2,-0.7373135355641285,0,-0.739591200385833,0.0655108870107351
14.48948948948949,2,-0.7331934415550695,0,-0.7354380537369473,0.06532726019596241
14.504504504504505,2,-0.7284434603991511,0,-0.730654998439582,0.06519386201840231
14.51951951951952,2,-0.7230922125267326,0,-0.7252706096548679,0.0651199088674846
14.534534534534535,2,-0.7171746114805463,0,-0.7193198320294785,0.0651148725937716
14.54954954954955,2,-0.7107309671754143,0,-0.7128430684155026,0.06518808240501929
14.564564564564565,2,-0.7038060536747957,0,-0.7058852322322352,0.06534830856638352
14.57957957957958,2,-0.6964481649956684,0,-0.6984947887353947,0.06560336338433756
14.594594594594595,2,-0.6887081810483664,0,-0.6907228086486227,0.06595975313896245
14.60960960960961,2,-0.6806386636366224,0,-0.6826220548847948,0.06642240878847745
14.624624624624625,2,-0.6722929996949045,0,-0.674246119746373,0.06699451422125699
14.63963963963964,2,-0.6637246058499054,0,-0.6656486263641604,0.06767743996390606
14.654654654654655,2,-0.6549862051766469,0,-0.6568825045030787,0.06847077926487097
14.66966966966967,2,-0.6461291838612568,0,-0.6479993474630801,0.06937247399281364
14.684684684684685,2,-0.6372030325247645,0,-0.6390488537884195,0.07037901102728933
14.6996996996997,2,-0.6282548742995046,0,-0.6300783549471932,0.07148566633882472
14.714714714714715,2,-0.6193290794333738,0,-0.6211324280658003,0.07268677364326992
14.72972972972973,2,-0.6104669642416785,0,-0.6122525911613786,0.07397599673514632
14.744744744744745,2,-0.6017065706213535,0,-0.6034770770426506,0.07534658845183889
14.75975975975976,2,-0.5930825210622588,0,-0.5948406810709193,0.07679162377825932
14.774774774774775,2,-0.5846259431034004,0,-0.586374677220183,0.07830419912585253
14.78978978978979,2,-0.5763644564573406,0,-0.5781067962969217,0.07987759382138371
14.804804804804805,2,-0.5683222155360457,0,-0.570061259743795,0.08150539307968337
14.81981981981982,2,-0.5605199998334226,0,-0.5622588621434799,0.0831815741605088
14.834834834834835,2,-0.5529753445347035,0,-0.5547170953576387,0.08490055908830285
14.84984984984985,2,-0.5457027038136321,0,-0.5474503071869766,0.08665723836160856
14.864864864864865,2,-0.5387136395281403,0,-0.5404698875272054,0.08844697062151535
14.87987987987988,2,-0.532017028414823,0,-0.5337844752236323,0.09026556339846495
14.894894894894895,2,-0.5256192813910364,0,-0.5274001791885502,0.09210923990854239
14.90990990990991,2,-0.5195245691764911,0,-0.5213208078266701,0.09397459650216246
14.924924924924925,2,-0.5137350491181829,0,-0.5155481013941206,0.09585855484625082
14.93993993993994,2,-0.5082510888162172,0,-0.510081962570026,0.09775831230347777
14.954954954954955,2,-0.5030714828774051,0,-0.5049206812180879,0.0996712933097557
14.96996996996997,2,-0.498193659843965,0,-0.5000611500303636,0.10159510388786652
14.984984984984985,2,-0.49361387703455517,0,-0.49549906844990527,0.10352749080649576
15,2,-0.48932740167708194,0,-0.49122913294035875,0.10546630632709071
